en,ko
___________'s Pikachu,___________'s 피카츄
_____'s Pikachu,_____'s 피카츄
Abomasnow,눈설왕
Abra,캐이시
Absol,앱솔
Absol ex,앱솔 ex
Absol EX,앱솔 EX
Absol G,앱솔 G
Absol G LV.X,앱솔 G LV.X
Accelgor,어지리더
Act Tough,Act Tough
Aegislash,킬가르도
Aegislash ex,킬가르도 ex
Aegislash EX,킬가르도 EX
Aegislash V,킬가르도 V
Aegislash VMAX,킬가르도 VMAX
Aerodactyl,프테라
Aerodactyl ex,프테라 ex
Aerodactyl EX,프테라 EX
Aerodactyl GL,프테라 GL
Aerodactyl GX,프테라 GX
Aerodactyl V,프테라 V
Aerodactyl VSTAR,프테라 VSTAR
Aerodactyl δ,프테라 δ
Aggron,보스로라
Aggron ex,보스로라 ex
Aggron EX,보스로라 EX
Aggron V,보스로라 V
Aggron VMAX,보스로라 VMAX
Aipom,에이팜
Alakazam,후딘
Alakazam ☆,후딘 ☆
Alakazam E4,후딘 E4
Alakazam E4 LV.X,후딘 E4 LV.X
Alakazam ex,후딘 ex
Alakazam EX,후딘 EX
Alakazam V,후딘 V
Alcremie,마휘핑
Alcremie ex,마휘핑 ex
Alcremie V,마휘핑 V
Alcremie VMAX,마휘핑 VMAX
Alolan Diglett,알로라 디그다
Alolan Dugtrio,알로라 닥트리오
Alolan Dugtrio ex,알로라 닥트리오 ex
Alolan Exeggutor,알로라 나시
Alolan Exeggutor ex,알로라 나시 ex
Alolan Exeggutor GX,알로라 나시 GX
Alolan Exeggutor V,알로라 나시 V
Alolan Geodude,알로라 꼬마돌
Alolan Golem,알로라 딱구리
Alolan Golem GX,알로라 딱구리 GX
Alolan Graveler,알로라 데구리
Alolan Grimer,알로라 질퍽이
Alolan Marowak,알로라 텅구리
Alolan Marowak GX,알로라 텅구리 GX
Alolan Meowth,알로라 나옹
Alolan Muk,알로라 질뻐기
Alolan Muk ex,알로라 질뻐기 ex
Alolan Muk GX,알로라 질뻐기 GX
Alolan Ninetales,알로라 나인테일
Alolan Ninetales ex,알로라 나인테일 ex
Alolan Ninetales GX,알로라 나인테일 GX
Alolan Ninetales-GX,알로라 나인테일-GX
Alolan Persian,알로라 페르시온
Alolan Persian GX,알로라 페르시온 GX
Alolan Raichu,알로라 라이츄
Alolan Raichu ex,알로라 라이츄 ex
Alolan Raticate,알로라 레트라
Alolan Raticate GX,알로라 레트라 GX
Alolan Rattata,알로라 꼬렛
Alolan Sandshrew,알로라 모래두지
Alolan Sandslash,알로라 고지
Alolan Sandslash GX,알로라 고지 GX
Alolan Vulpix,알로라 식스테일
Alolan Vulpix V,알로라 식스테일 V
Alolan Vulpix VSTAR,알로라 식스테일 VSTAR
Alomomola,맘복치
Altaria,파비코리
Altaria C,파비코리 C
Altaria ex,파비코리 ex
Altaria EX,파비코리 EX
Altaria ex δ,파비코리 ex δ
Altaria GX,파비코리 GX
Altaria-GX,파비코리-GX
Amaura,아마루스
Ambipom,겟핸보숭
Ambipom G,겟핸보숭 G
Amoonguss,뽀록나
Amoonguss ex,뽀록나 ex
Ampharos,전룡
Ampharos ex,전룡 ex
Ampharos EX,전룡 EX
Ampharos GX,전룡 GX
Ampharos V,전룡 V
Ampharos δ,전룡 δ
Ancient Mew,고대 뮤
Annihilape,저승갓숭
Annihilape ex,저승갓숭 ex
Anorith,아노딥스
Anorith δ,아노딥스 δ
Appletun,단지래플
Appletun V,단지래플 V
Applin,과사삭벌레
Aqua Bullet,Aqua Bullet
Araquanid,깨비물거미
Arbok,아보크
Arbok ex,아보크 ex
Arbok δ,아보크 δ
Arboliva,올리르바
Arboliva ex,올리르바 ex
Arcanine,윈디
Arcanine BREAK,윈디 BREAK
Arcanine ex,윈디 ex
Arcanine G,윈디 G
Arceus,아르세우스
Arceus & Dialga & Palkia GX,아르세우스 & 디아루가 & 펄기아 GX
Arceus ◇,아르세우스 ◇
Arceus ex,아르세우스 ex
Arceus LV.X,아르세우스 LV.X
Arceus V,아르세우스 V
Arceus VSTAR,아르세우스 VSTAR
Archaludon,브리두라스
Archaludon ex,브리두라스 ex
Archen,아켄
Archeops,아케오스
Arctibax,드니꽁
Arctovish,어치르돈
Arctovish V,어치르돈 V
Arctozolt,파치르돈
Ariados,아리아도스
Armaldo,아말도
Armaldo ex,아말도 ex
Armaldo δ,아말도 δ
Armarouge,카디나르마
Armarouge ex,카디나르마 ex
Armored Mewtwo,아머드 뮤츠
Aromatisse,프레프티르
Aron,가보리
Arrokuda,찌로꼬치
Articuno,프리져
Articuno ex,프리져 ex
Articuno GX,프리져 GX
Articuno-EX,프리져-EX
Articuno-GX,프리져-GX
Arven's Greedent,페퍼의 요씽리스
Arven's Mabosstiff ex,페퍼의 마피티프 ex
Arven's Maschiff,페퍼의 오라티프
Arven's Skwovet,페퍼의 탐리스
Arven's Toedscool,페퍼의 들눈해
Arven's Toedscruel,페퍼의 육파리
Ash Greninja EX,지우개굴닌자 EX
Ash's Pikachu,지우의 피카츄
Audino,다부니
Audino EX,다부니 EX
Aurorus,아마루르가
Aurorus EX,아마루르가 EX
Avalugg,크레베이스
Axew,터검니
Azelf,아그놈
Azumarill,마릴리
Azumarill ex,마릴리 ex
Azumarill δ,마릴리 δ
Azurill,루리리
Bagon,아공이
Bagon δ,아공이 δ
Baltoy,오뚝군
Banette,다크펫
Banette ex,다크펫 ex
Banette GX,다크펫 GX
Banette-GX,다크펫-GX
Barbaracle,거북손데스
Barboach,미꾸리
Barraskewda,꼬치조
Basculin,배쓰나이
Bastiodon,바리톱스
Bastiodon GL,바리톱스 GL
Baxcalibur,드닐레이브
Bayleef,베이리프
Bayleef δ,베이리프 δ
Beartic,툰베어
Beautifly,뷰티플라이
Beedrill,독침붕
Beedrill ex,독침붕 ex
Beedrill EX,독침붕 EX
Beedrill G,독침붕 G
Beedrill V,독침붕 V
Beedrill δ,독침붕 δ
Beheeyem,벰크
Beheeyem BREAK,벰크 BREAK
Beldum,메탕
Beldum δ,메탕 δ
Bellibolt,찌리배리
Bellibolt ex,찌리배리 ex
Bellossom,아르코
Bellossom δ,아르코 δ
Bellsprout,모다피
Bergmite,꽁어름
Bewear,이븐곰
Bewear GX,이븐곰 GX
Bibarel,비버통
Bibarel ex,비버통 ex
Bidoof,비버니
Binacle,거북손손
Bisharp,절각참
Blacephalon,두파팡
Blacephalon ex,두파팡 ex
Blacephalon GX,두파팡 GX
Black Kyurem,블랙 큐레무
Black Kyurem ex,블랙 큐레무 ex
Black Kyurem-EX,블랙 큐레무-EX
Blaine's Arcanine,강연의 윈디
Blaine's Charizard,강연의 리자몽
Blaine's Charmander,강연의 파이리
Blaine's Charmeleon,강연의 리자드
Blaine's Dodrio,강연의 두트리오
Blaine's Doduo,강연의 두두
Blaine's Growlithe,강연의 가디
Blaine's Kangaskhan,강연의 캥카
Blaine's Magmar,강연의 마그마
Blaine's Mankey,강연의 망키
Blaine's Moltres,강연의 파이어
Blaine's Ninetales,강연의 나인테일
Blaine's Ponyta,강연의 포니타
Blaine's Rapidash,강연의 날쌩마
Blaine's Rhyhorn,강연의 뿔카노
Blaine's Tauros,강연의 켄타로스
Blaine's Vulpix,강연의 식스테일
Blastoise,거북왕
Blastoise & Piplup GX,거북왕 & 팽도리 GX
Blastoise ex,거북왕 ex
Blastoise EX,거북왕 EX
Blastoise GX,거북왕 GX
Blastoise V,거북왕 V
Blastoise VMAX,거북왕 VMAX
Blastoise δ,거북왕 δ
Blaziken,번치코
Blaziken ex,번치코 ex
Blaziken EX,번치코 EX
Blaziken FB,번치코 FB
Blaziken FB LV.X,번치코 FB LV.X
Blaziken GX,번치코 GX
Blaziken V,번치코 V
Blaziken VMAX,번치코 VMAX
Blipbug,두루지벌레
Blissey,해피너스
Blissey ex,해피너스 ex
Blissey V,해피너스 V
Blitzle,줄뮤마
Bloodmoon Ursaluna,다투곰 붉은 달
Bloodmoon Ursaluna ex,다투곰 붉은 달 ex
Boldore,암트르
Boltund,펄스멍
Boltund V,펄스멍 V
Boltund VMAX,펄스멍 VMAX
Bombirdier,떨구새
Bombirdier ex,떨구새 ex
Bonsly,꼬지지
Bouffalant,버프론
Bouffalant ex,버프론 ex
Bounsweet,달콤아
Braixen,테르나
Brambleghast,공푸리
Bramblin,그푸리
Braviary,워글
Breloom,버섯모
Breloom V,버섯모 V
Brionne,키요공
Brock's Diglett,웅의 디그다
Brock's Dugtrio,웅의 닥트리오
Brock's Geodude,웅의 꼬마돌
Brock's Golbat,웅의 골뱃
Brock's Golem,웅의 딱구리
Brock's Graveler,웅의 데구리
Brock's Lickitung,웅의 내루미
Brock's Mankey,웅의 망키
Brock's Ninetales,웅의 나인테일
Brock's Onix,웅의 롱스톤
Brock's Primeape,웅의 성원숭
Brock's Rhydon,웅의 코뿌리
Brock's Rhyhorn,웅의 뿔카노
Brock's Sandshrew,웅의 모래두지
Brock's Sandslash,웅의 고지
Brock's Vulpix,웅의 식스테일
Brock's Zubat,웅의 주뱃
Bronzong,동탁군
Bronzong BREAK,동탁군 BREAK
Bronzong E4,동탁군 E4
Bronzong G,동탁군 G
Bronzor,동미러
Brute Bonnet,사나운버섯
Bruxish,치갈기
Budew,꼬몽울
Buizel,브이젤
Bulbasaur,이상해씨
Buneary,이어롤
Bunnelby,파르빗
Buried Fossil,Buried Fossil
Burmy,도롱충이
Burmy Plant Cloak,도롱충이(초목도롱)
Burmy Sandy Cloak,도롱충이(모래도롱)
Burmy Trash Cloak,도롱충이(슈뢰도롱)
Butterfree,버터플
Butterfree FB,버터플 FB
Butterfree V,버터플 V
Butterfree VMAX,버터플 VMAX
Buzzwole,매시붕
Buzzwole ex,매시붕 ex
Buzzwole GX,매시붕 GX
Buzzwole-GX,매시붕-GX
Cacnea,선인왕
Cacturne,밤선인
Cacturne ex,밤선인 ex
Cacturne δ,밤선인 δ
Calyrex,버드렉스
Camerupt,폭타
Camerupt ex,폭타 ex
Camerupt EX,폭타 EX
Camerupt G,폭타 G
Capsakid,캡싸이
Carbink,멜리시
Carbink BREAK,멜리시 BREAK
Carkol,탄차곤
Carnivine,무스틈니
Carnivine G,무스틈니 G
Carracosta,늑골라
Carracosta GX,늑골라 GX
Carvanha,샤프니아
Carvanha δ,샤프니아 δ
Cascoon,카스쿤
Castform,캐스퐁
Castform Rain Form,캐스퐁 빗방울의 모습
Castform Rainy Form,캐스퐁 밧방울의 모습
Castform Snow-cloud Form,캐스퐁 설운의 모습
Castform Snowy Form,캐스퐁 설운의 모습
Castform Sunny Form,캐스퐁 태양의 모습
Caterpie,캐터피
Celebi,세레비
Celebi & Venusaur GX,세레비 & 이상해꽃 GX
Celebi ◇,세레비 ◇
Celebi ☆,세레비 ☆
Celebi ex,세레비 ex
Celebi V,세레비 V
Celebi VMAX,세레비 VMAX
Celebi-EX,세레비-EX
Celesteela,철화구야
Celesteela GX,철화구야 GX
Centiskorch,다태우지네
Centiskorch V,다태우지네 V
Centiskorch VMAX,다태우지네 VMAX
Ceruledge,파라블레이즈
Ceruledge ex,파라블레이즈 ex
Cetitan,우락고래
Cetitan ex,우락고래 ex
Cetoddle,터벅고래
Chandelure,샹델라
Chandelure V,샹델라 V
Chandelure VMAX,샹델라 VMAX
Chandelure-EX,샹델라-EX
Chansey,럭키
Chansey ex,럭키 ex
Charcadet,카르본
Charge Beam,Charge Beam
Charizard,리자몽
Charizard & Braixen GX,리자몽 & 테르나 GX
Charizard ☆ δ,리자몽 ☆ δ
Charizard ex,리자몽 ex
Charizard EX,리자몽 EX
Charizard G,리자몽 G
Charizard G LV.X,리자몽 G LV.X
Charizard GX,리자몽 GX
Charizard V,리자몽 V
Charizard VMAX,리자몽 VMAX
Charizard VSTAR,리자몽 VSTAR
Charizard δ,리자몽 δ
Charizard-GX,리자몽-GX
Charjabug,전지충이
Charmander,파이리
Charmander δ,파이리 δ
Charmeleon,리자드
Charmeleon δ,리자드 δ
Chatot,페라페
Chatot G,페라페 G
Cherrim,체리꼬
Cherubi,체리버
Chesnaught,브리가론
Chesnaught BREAK,브리가론 BREAK
Chesnaught EX,브리가론 EX
Chesnaught V,브리가론 V
Chespin,도치마론
Chewtle,깨물부기
Chi-Yu,위유이
Chi-Yu ex,위유이 ex
Chien-Pao,파오젠
Chien-Pao ex,파오젠 ex
Chikorita,치코리타
Chikorita δ,치코리타 δ
Chimchar,불꽃숭이
Chimecho,치렁
Chimecho δ,치렁 δ
Chinchou,초라기
Chingling,랑딸랑
Cinccino,치라치노
Cinccino ex,치라치노 ex
Cinderace,에이스번
Cinderace ex,에이스번 ex
Cinderace V,에이스번 V
Cinderace VMAX,에이스번 VMAX
Clamperl,진주몽
Clauncher,완철포
Clawitzer,블로스터
Clawitzer BREAK,블로스터 BREAK
Claydol,점토도리
Claydol ex,점토도리 ex
Clefable,픽시
Clefable ex,픽시 ex
Clefairy,삐삐
Cleffa,삐
Clobbopus,때때무노
Cloyster,파르셀
Cloyster δ,파르셀 δ
Coalossal,석탄산
Coalossal V,석탄산 V
Coalossal VMAX,석탄산 VMAX
Cobalion,코바르온
Cobalion ex,코바르온 ex
Cobalion GX,코바르온 GX
Cobalion-EX,코바르온-EX
Cofagrigus,데스니칸
Cofagrigus ex,데스니칸 ex
Collect,Collect
Combee,세꿀버리
Combusken,영치코
Comfey,큐아링
Conkeldurr,노보청
Conkeldurr V,노보청 V
Controlled Burn,Controlled Burn
Cool Porygon,쿨 폴리곤
Copperajah,대왕끼리동
Copperajah ex,대왕끼리동 ex
Copperajah V,대왕끼리동 V
Copperajah VMAX,대왕끼리동 VMAX
Corkscrew Punch,Corkscrew Punch
Cornerstone Mask Ogerpon,오거폰 주춧돌의 가면
Cornerstone Mask Ogerpon ex,오거폰 주춧돌의 가면 ex
Corphish,가재군
Corsola,코산호
Corviknight,아머까오
Corviknight V,아머까오 V
Corviknight VMAX,아머까오 VMAX
Corvisquire,파크로우
Cosmoem,코스모움
Cosmog,코스모그
Cottonee,소미안
Crabominable,모단단게
Crabominable ex,모단단게 ex
Crabominable V,모단단게 V
Crabrawler,오기지게
Cradily,릴리요
Cradily ex,릴리요 ex
Cradily δ,릴리요 δ
Cramorant,윽우지
Cramorant V,윽우지 V
Cramorant VMAX,윽우지 VMAX
Cranidos,두개도스
Crawdaunt,가재장군
Crawdaunt ex,가재장군 ex
Crawdaunt G,가재장군 G
Cresselia,크레세리아
Cresselia ex,크레세리아 ex
Cresselia-EX,크레세리아-EX
Croagunk,삐딱구리
Crobat,크로뱃
Crobat BREAK,크로뱃 BREAK
Crobat ex,크로뱃 ex
Crobat G,크로뱃 G
Crobat V,크로뱃 V
Crobat VMAX,크로뱃 VMAX
Crobat δ,크로뱃 δ
Crocalor,악뜨거
Croconaw,엘리게이
Croconaw δ,엘리게이 δ
Crustle,암팰리스
Cryogonal,프리지오
Cubchoo,코고미
Cubone,탕구리
Cufant,끼리동
Cutiefly,에블리
Cyclizar,모토마
Cyclizar ex,모토마 ex
Cyndaquil,브케인
Cyndaquil δ,브케인 δ
Cynthia's Feebas,난천의 빈티나
Cynthia's Gabite,난천의 한바이트
Cynthia's Garchomp ex,난천의 한카리아스 ex
Cynthia's Gible,난천의 딥상어동
Cynthia's Milotic,난천의 밀로틱
Cynthia's Roselia,난천의 로젤리아
Cynthia's Roserade,난천의 로즈레이드
Cynthia's Spiritomb,난천의 화강돌
Dachsbun,바우첼
Dachsbun ex,바우첼 ex
Dark Alakazam,다크 후딘
Dark Ampharos,다크 전룡
Dark Arbok,다크 아보크
Dark Ariados,다크 아리아도스
Dark Blastoise,다크 거북왕
Dark Celebi,다크 세레비
Dark Charizard,다크 리자몽
Dark Charmeleon,다크 리자드
Dark Crobat,다크 크로뱃
Dark Croconaw,다크 엘리게이
Dark Donphan,다크 코리갑
Dark Dragonair,다크 신뇽
Dark Dragonite,다크 망나뇽
Dark Dugtrio,다크 닥트리오
Dark Electrode,다크 붐볼
Dark Espeon,다크 에브이
Dark Exeggutor,다크 나시
Dark Feraligatr,다크 장크로다일
Dark Flaaffy,다크 보송송
Dark Flareon,다크 부스터
Dark Forretress,다크 쏘콘
Dark Gengar,다크 팬텀
Dark Gloom,다크 냄새꼬
Dark Golbat,다크 골뱃
Dark Golduck,다크 골덕
Dark Gyarados,다크 갸라도스
Dark Haunter,다크 고우스트
Dark Houndoom,다크 헬가
Dark Hypno,다크 슬리퍼
Dark Ivysaur,다크 이상해풀
Dark Jolteon,다크 쥬피썬더
Dark Kadabra,다크 윤겔라
Dark Machamp,다크 괴력몬
Dark Machoke,다크 근육몬
Dark Magcargo,다크 마그카르고
Dark Magneton,다크 레어코일
Dark Marowak,다크 텅구리
Dark Muk,다크 질뻐기
Dark Octillery,다크 대포무노
Dark Omanyte,다크 암나이트
Dark Omastar,다크 암스타
Dark Persian,다크 페르시온
Dark Porygon2,다크 폴리곤2
Dark Primeape,다크 성원숭
Dark Pupitar,다크 데기라스
Dark Quilava,다크 마그케인
Dark Raichu,다크 라이츄
Dark Rapidash,다크 날쌩마
Dark Raticate,다크 레트라
Dark Sandslash,다크 고지
Dark Scizor,다크 핫삼
Dark Slowbro,다크 야도란
Dark Slowking,다크 야도킹
Dark Steelix,다크 강철톤
Dark Sylveon V,다크 님피아 V
Dark Typhlosion,다크 블레이범
Dark Tyranitar,다크 마기라스
Dark Ursaring,다크 링곰
Dark Vaporeon,다크 샤미드
Dark Venusaur,다크 이상해꽃
Dark Vileplume,다크 라플레시아
Dark Wartortle,다크 어니부기
Dark Weezing,다크 또도가스
Dark Wigglytuff,다크 푸크린
Darkrai,다크라이
Darkrai & Cresselia LEGEND,다크라이 & 크레세리아 LEGEND
Darkrai ◇,다크라이 ◇
Darkrai ex,다크라이 ex
Darkrai EX,다크라이 EX
Darkrai G,다크라이 G
Darkrai GX,다크라이 GX
Darkrai V,다크라이 V
Darkrai VSTAR,다크라이 VSTAR
Darkrai-EX,다크라이-EX
Darkrai-GX,다크라이-GX
Darmanitan,불비달마
Dartrix,빼미스로우
Darumaka,달막화
Dawn Wings Necrozma,새벽의 날개 네크로즈마
Dawn Wings Necrozma GX,새벽의 날개 네크로즈마 GX
Decidueye,모크나이퍼
Decidueye ex,모크나이퍼 ex
Decidueye GX,모크나이퍼 GX
Decidueye-GX,모크나이퍼-GX
Dedenne,데덴네
Dedenne ex,데덴네 ex
Dedenne GX,데덴네 GX
Deerling,사철록
Deino,모노두
Delcatty,델케티
Delcatty ex,델케티 ex
Delibird,딜리버드
Delphox,마폭시
Delphox BREAK,마폭시 BREAK
Delphox EX,마폭시 EX
Delphox V,마폭시 V
Deoxys,테오키스
Deoxys Attack Forme,테오키스 어택폼
Deoxys Defense Forme,테오키스 디펜스폼
Deoxys ex,테오키스 ex
Deoxys Normal Forme,테오키스 노말폼
Deoxys Speed Forme,테오키스 스피드폼
Deoxys V,테오키스 V
Deoxys VMAX,테오키스 VMAX
Deoxys VSTAR,테오키스 VSTAR
Deoxys δ,테오키스 δ
Deoxys-EX,테오키스-EX
Detective Pikachu,명탐정 피카츄
Dewgong,쥬레곤
Dewgong δ,쥬레곤 δ
Dewott,쌍검자비
Dewpider,물거미
Dhelmise,타타륜
Dhelmise ex,타타륜 ex
Dhelmise V,타타륜 V
Dhelmise VMAX,타타륜 VMAX
Dialga,디아루가
Dialga ex,디아루가 ex
Dialga EX,디아루가 EX
Dialga G,디아루가 G
Dialga G LV.X,디아루가 G LV.X
Dialga GX,디아루가 GX
Dialga-EX,디아루가-EX
Diancie,디안시
Diancie ◇,디안시 ◇
Diancie EX,디안시 EX
Diggersby,파르토
Diglett,디그다
Dipplin,과미르
Ditto,메타몽
Ditto ◇,메타몽 ◇
Ditto V,메타몽 V
Ditto VMAX,메타몽 VMAX
Dodrio,두트리오
Dodrio V,두트리오 V
Doduo,두두
Dolliv,올리뇨
Dondozo,어써러셔
Dondozo ex,어써러셔 ex
Donphan,코리갑
Donphan ex,코리갑 ex
Dottler,레돔벌레
Doublade,쌍검킬
Double Slap,Double Slap
Dracovish,어래곤
Dracovish V,어래곤 V
Dracozolt,파치래곤
Dracozolt V,파치래곤 V
Dracozolt VMAX,파치래곤 VMAX
Dragalge,드래캄
Dragalge ex,드래캄 ex
Dragapult,드래펄트
Dragapult ex,드래펄트 ex
Dragapult V,드래펄트 V
Dragapult VMAX,드래펄트 VMAX
Dragonair,신뇽
Dragonair δ,신뇽 δ
Dragonite,망나뇽
Dragonite ex,망나뇽 ex
Dragonite EX,망나뇽 EX
Dragonite ex δ,망나뇽 ex δ
Dragonite FB,망나뇽 FB
Dragonite GX,망나뇽 GX
Dragonite V,망나뇽 V
Dragonite VSTAR,망나뇽 VSTAR
Dragonite δ,망나뇽 δ
Drakloak,드래런치
Drampa,할비롱
Drampa GX,할비롱 GX
Drampa V,할비롱 V
Drampa-GX,할비롱-GX
Drapion,드래피온
Drapion E4,드래피온 E4
Drapion LV.X,드래피온 LV.X
Drapion V,드래피온 V
Drapion VSTAR,드래피온 VSTAR
Dratini,미뇽
Dratini δ,미뇽 δ
Drednaw,갈가부기
Drednaw V,갈가부기 V
Drednaw VMAX,갈가부기 VMAX
Dreepy,드라꼰
Drifblim,둥실라이드
Drifblim FB,둥실라이드 FB
Drifloon,흔들풍손
Drilbur,두더류
Drizzile,누겔레온
Drowzee,슬리프
Druddigon,크리만
Dual Chop,Dual Chop
Dubwool,배우르
Dubwool V,배우르 V
Ducklett,꼬지보리
Dudunsparce,노고고치
Dudunsparce ex,노고고치 ex
Dugtrio,닥트리오
Dunsparce,노고치
Duosion,듀란
Duraludon,두랄루돈
Duraludon V,두랄루돈 V
Duraludon VMAX,두랄루돈 VMAX
Durant,아이앤트
Durant ex,아이앤트 ex
Dusclops,미라몽
Dusclops ex,미라몽 ex
Dusk Mane Necrozma,황혼의 갈기 네크로즈마
Dusk Mane Necrozma GX,황혼의 갈기 네크로즈마 GX
Dusknoir,야느와르몽
Dusknoir FB,야느와르몽 FB
Duskull,해골몽
Dustox,독케일
Dustox ex,독케일 ex
Dwebble,돌살이
Eelektrik,저리릴
Eelektross,저리더프
Eevee,이브이
Eevee & Snorlax GX,이브이 & 잠만보 GX
Eevee ex,이브이 ex
Eevee GX,이브이 GX
Eevee on the Ball,이브이 온 더 볼
Eevee V,이브이 V
Eevee VMAX,이브이 VMAX
Eevee δ,이브이 δ
Eiscue,빙큐보
Eiscue ex,빙큐보 ex
Eiscue V,빙큐보 V
Ekans,아보
Ekans δ,아보 δ
Eldegoss,백솜모카
Eldegoss V,백솜모카 V
Electabuzz,에레브
Electabuzz ex,에레브 ex
Electabuzz δ,에레브 δ
Electivire,에레키블
Electivire ex,에레키블 ex
Electivire FB,에레키블 FB
Electivire FB LV.X,에레키블 FB LV.X
Electrike,썬더라이
Electrode,붐볼
Electrode ex,붐볼 ex
Electrode G,붐볼 G
Electrode GX,붐볼 GX
Electrode-GX,붐볼-GX
Elekid,에레키드
Elekid δ,에레키드 δ
Elgyem,리그레
Ember,Ember
Emboar,염무왕
Emboar EX,염무왕 EX
Emolga,에몽가
Emolga EX,에몽가 EX
Empoleon,엠페르트
Empoleon BREAK,엠페르트 BREAK
Empoleon ex,엠페르트 ex
Empoleon FB,엠페르트 FB
Empoleon V,엠페르트 V
Enamorus,러브로스
Enamorus V,러브로스 V
Entei,앤테이
Entei & Raikou LEGEND,앤테이 & 라이코 LEGEND
Entei ☆,앤테이 ☆
Entei ex,앤테이 ex
Entei GX,앤테이 GX
Entei V,앤테이 V
Entei-EX,앤테이-EX
Erika's Bellsprout,민화의 모다피
Erika's Bulbasaur,민화의 이상해씨
Erika's Clefable,민화의 픽시
Erika's Clefairy,민화의 삐삐
Erika's Dragonair,민화의 신뇽
Erika's Dratini,민화의 미뇽
Erika's Exeggcute,민화의 아라리
Erika's Exeggutor,민화의 나시
Erika's Gloom,민화의 냄새꼬
Erika's Ivysaur,민화의 이상해풀
Erika's Jigglypuff,민화의 푸린
Erika's Oddish,민화의 뚜벅쵸
Erika's Paras,민화의 파라스
Erika's Tangela,민화의 덩쿠리
Erika's Venusaur,민화의 이상해꽃
Erika's Victreebel,민화의 우츠보트
Erika's Vileplume,민화의 라플레시아
Erika's Weepinbell,민화의 우츠동
Escavalier,슈바르고
Espathra,클레스퍼트라
Espathra ex,클레스퍼트라 ex
Espeon,에브이
Espeon & Deoxys GX,에브이 & 테오키스 GX
Espeon ★,에브이 ★
Espeon E4,에브이 E4
Espeon ex,에브이 ex
Espeon EX,에브이 EX
Espeon GX,에브이 GX
Espeon V,에브이 V
Espeon VMAX,에브이 VMAX
Espeon δ,에브이 δ
Espeon-GX,에브이-GX
Espurr,냐스퍼
Eternatus,무한다이노
Eternatus V,무한다이노 V
Eternatus VMAX,무한다이노 VMAX
Ethan's Cyndaquil,심향의 브케인
Ethan's Ho-Oh ex,심향의 칠색조 ex
Ethan's Magcargo,심향의 마그카르고
Ethan's Pichu,심향의 피츄
Ethan's Pinsir,심향의 쁘사이저
Ethan's Quilava,심향의 마그케인
Ethan's Slugma,심향의 마그마그
Ethan's Sudowoodo,심향의 꼬지모
Ethan's Typhlosion,심향의 블레이범
Excadrill,몰드류
Excadrill ex,몰드류 ex
Excadrill-EX,몰드류-EX
Exeggcute,아라리
Exeggcute δ,아라리 δ
Exeggutor,나시
Exeggutor ex,나시 ex
Exeggutor δ,나시 δ
Exploud,폭음룡
Exploud ex,폭음룡 ex
Falinks,대여르
Falinks V,대여르 V
Fan Rotom,스핀로토무
Farfetch'd,파오리
Farfetch’d,파오리
Farigiraf,키키링
Farigiraf ex,키키링 ex
Fearow,깨비드릴조
Fearow δ,깨비드릴조 δ
Feebas,빈티나
Feebas δ,빈티나 δ
Fennekin,푸호꼬
Feraligatr,장크로다일
Feraligatr ex,장크로다일 ex
Feraligatr δ,장크로다일 δ
Ferroseed,철시드
Ferrothorn,너트령
Fezandipiti,기로치
Fezandipiti ex,기로치 ex
Fidough,쫀도기
Finizen,맨돌핀
Finneon,형광어
Flaaffy,보송송
Flaaffy δ,보송송 δ
Flabébé,플라베베
Flamigo,꼬이밍고
Flamigo ex,꼬이밍고 ex
Flapple,애프룡
Flapple V,애프룡 V
Flapple VMAX,애프룡 VMAX
Flareon,부스터
Flareon ☆,부스터 ☆
Flareon E4,부스터 E4
Flareon ex,부스터 ex
Flareon EX,부스터 EX
Flareon GX,부스터 GX
Flareon V,부스터 V
Flareon VMAX,부스터 VMAX
Flareon δ,부스터 δ
Fletchinder,불화살빈
Fletchling,화살꼬빈
Flittle,하느라기
Floatzel,플로젤
Floatzel GL,플로젤 GL
Floatzel GL LV.X,플로젤 GL LV.X
Floette,플라엣테
Floragato,나로테
Florges,플라제스
Florges BREAK,플라제스 BREAK
Florges EX,플라제스 EX
Flutter Mane,날개치는머리
Flygon,플라이곤
Flygon ex,플라이곤 ex
Flygon EX,플라이곤 EX
Flygon ex δ,플라이곤 ex δ
Flygon GX,플라이곤 GX
Flygon LV.X,플라이곤 LV.X
Flygon V,플라이곤 V
Flygon δ,플라이곤 δ
Flying Pikachu,공중날기 피카츄
Flying Pikachu V,공중날기 피카츄 V
Flying Pikachu VMAX,공중날기 피카츄 VMAX
Fomantis,짜랑랑
Foongus,깜놀버슬
Forretress,쏘콘
Forretress ex,쏘콘 ex
Forretress G,쏘콘 G
Fraxure,액슨도
Frigibax,드니차
Frillish,탱그릴
Froakie,개구마르
Frogadier,개굴반장
Froslass,눈여아
Froslass ex,눈여아 ex
Froslass GL,눈여아 GL
Frosmoth,모스노우
Frost Rotom,프로스트로토무
Fuecoco,뜨아거
Furfrou,트리미앙
Furret,다꼬리
Gabite,한바이트
Galarian Articuno,가라르 프리져
Galarian Articuno V,가라르 프리져 V
Galarian Corsola,가라르 코산호
Galarian Cursola,가라르 산호르곤
Galarian Cursola V,가라르 산호르곤 V
Galarian Darmanitan,가라르 불비달마
Galarian Darmanitan V,가라르 불비달마 V
Galarian Darmanitan VMAX,가라르 불비달마 VMAX
Galarian Darumaka,가라르 달막화
Galarian Farfetch'd,가라르 파오리
Galarian Linoone,가라르 직구리
Galarian Meowth,가라르 나옹
Galarian Moltres,가라르 파이어
Galarian Moltres V,가라르 파이어 V
Galarian Mr. Mime,가라르 마임맨
Galarian Mr. Rime,가라르 마임꽁꽁
Galarian Mr. Rime V,가라르 마임꽁꽁 V
Galarian Obstagoon,가라르 가로막구리
Galarian Perrserker,가라르 나이킹
Galarian Perrserker V,가라르 나이킹 V
Galarian Ponyta,가라르 포니타
Galarian Rapidash,가라르 날쌩마
Galarian Rapidash V,가라르 날쌩마 V
Galarian Runerigus,가라르 데스판
Galarian Sirfetch'd,가라르 창파나이트
Galarian Sirfetch'd V,가라르 창파나이트 V
Galarian Slowbro,가라르 야도란
Galarian Slowbro V,가라르 야도란 V
Galarian Slowking,가라르 야도킹
Galarian Slowking V,가라르 야도킹 V
Galarian Slowking VMAX,가라르 야도킹 VMAX
Galarian Slowpoke,가라르 야돈
Galarian Stunfisk,가라르 메더
Galarian Stunfisk V,가라르 메더 V
Galarian Weezing,가라르 또도가스
Galarian Yamask,가라르 데스마스
Galarian Zapdos,가라르 썬더
Galarian Zapdos V,가라르 썬더 V
Galarian Zigzagoon,가라르 지그제구리
Gallade,엘레이드
Gallade E4,엘레이드 E4
Gallade E4 LV.X,엘레이드 E4 LV.X
Gallade ex,엘레이드 ex
Gallade EX,엘레이드 EX
Gallade V,엘레이드 V
Galvantula,전툴라
Galvantula ex,전툴라 ex
Garbodor,더스트나
Garbodor V,더스트나 V
Garbodor VMAX,더스트나 VMAX
Garchomp,한카리아스
Garchomp & Giratina GX,한카리아스 & 기라티나 GX
Garchomp C,한카리아스 C
Garchomp C LV.X,한카리아스 C LV.X
Garchomp ex,한카리아스 ex
Garchomp EX,한카리아스 EX
Garchomp V,한카리아스 V
Garchomp-EX,한카리아스-EX
Gardevoir,가디안
Gardevoir & Sylveon GX,가디안 & 님피아 GX
Gardevoir ex,가디안 ex
Gardevoir EX,가디안 EX
Gardevoir ex δ,가디안 ex δ
Gardevoir GX,가디안 GX
Gardevoir V,가디안 V
Gardevoir VMAX,가디안 VMAX
Gardevoir δ,가디안 δ
Gardevoir-GX,가디안-GX
Garganacl,콜로솔트
Garganacl ex,콜로솔트 ex
Gastly,고오스
Gastrodon,트리토돈
Gastrodon East Sea,트리토돈 East Sea
Gastrodon West Sea,트리토돈 West Sea
Genesect,게노세크트
Genesect ex,게노세크트 ex
Genesect EX,게노세크트 EX
Genesect GX,게노세크트 GX
Genesect V,게노세크트 V
Genesect-EX,게노세크트-EX
Gengar,팬텀
Gengar & Mimikyu GX,팬텀 & 따라큐 GX
Gengar ex,팬텀 ex
Gengar EX,팬텀 EX
Gengar GL,팬텀 GL
Gengar LV.X,팬텀 LV.X
Gengar V,팬텀 V
Gengar VMAX,팬텀 VMAX
Geodude,꼬마돌
Gholdengo,타부자고
Gholdengo ex,타부자고 ex
Gible,딥상어동
Gigalith,기가이어스
Gigalith ex,기가이어스 ex
Gimmighoul,모으령
Giovanni's Gyarados,비주기의 갸라도스
Giovanni's Machamp,비주기의 괴력몬
Giovanni's Machoke,비주기의 근육몬
Giovanni's Machop,비주기의 알통몬
Giovanni's Magikarp,비주기의 잉어킹
Giovanni's Meowth,비주기의 나옹
Giovanni's Nidoking,비주기의 니드킹
Giovanni's Nidoqueen,비주기의 니드퀸
Giovanni's Nidoran ♀,비주기의 니드런 ♀
Giovanni's Nidoran ♂,비주기의 니드런 ♂
Giovanni's Nidorina,비주기의 니드리나
Giovanni's Nidorino,비주기의 니드리노
Giovanni's Persian,비주기의 페르시온
Giovanni's Pinsir,비주기의 쁘사이저
Girafarig,키링키
Giratina,기라티나
Giratina ◇,기라티나 ◇
Giratina ex,기라티나 ex
Giratina EX,기라티나 EX
Giratina LV.X,기라티나 LV.X
Giratina V,기라티나 V
Giratina VSTAR,기라티나 VSTAR
Giratina-EX,기라티나-EX
Glaceon,글레이시아
Glaceon ex,글레이시아 ex
Glaceon EX,글레이시아 EX
Glaceon GX,글레이시아 GX
Glaceon V,글레이시아 V
Glaceon VMAX,글레이시아 VMAX
Glaceon VSTAR,글레이시아 VSTAR
Glaceon-GX,글레이시아-GX
Glalie,얼음귀신
Glalie EX,얼음귀신 EX
Glameow,나옹마
Glastrier,블리자포스
Gligar,글라이거
Gligar δ,글라이거 δ
Glimmet,초롱순
Glimmora,킬라플로르
Glimmora ex,킬라플로르 ex
Gliscor,글라이온
Gliscor E4,글라이온 E4
Gloom,냄새꼬
Gloom δ,냄새꼬 δ
Gnaw,Gnaw
Gogoat,고고트
Golbat,골뱃
Goldeen,콘치
Golduck,골덕
Golduck BREAK,골덕 BREAK
Golduck δ,골덕 δ
Golem,딱구리
Golem E4,딱구리 E4
Golem ex,딱구리 ex
Golem EX,딱구리 EX
Golett,골비람
Golisopod,갑주무사
Golisopod ex,갑주무사 ex
Golisopod GX,갑주무사 GX
Golisopod-GX,갑주무사-GX
Golurk,골루그
Golurk V,골루그 V
Goodra,미끄래곤
Goomy,미끄메라
Gorebyss,분홍장이
Gossifleur,꼬모카
Gothita,고디탱
Gothitelle,고디모아젤
Gothorita,고디보미
Gouging Fire,꿰뚫는화염
Gouging Fire ex,꿰뚫는화염 ex
Gourgeist,펌킨인
Gourgeist ex,펌킨인 ex
Grafaiai,태깅구르
Grafaiai ex,태깅구르 ex
Granbull,그랑블루
Granbull V,그랑블루 V
Grapploct,케오퍼스
Grapploct V,케오퍼스 V
Graveler,데구리
Great Tusk,위대한엄니
Great Tusk ex,위대한엄니 ex
Greavard,망망이
Greedent,요씽리스
Greedent ex,요씽리스 ex
Greedent V,요씽리스 V
Greedent VMAX,요씽리스 VMAX
Greninja,개굴닌자
Greninja & Zoroark GX,개굴닌자 & 조로아크 GX
Greninja ☆,개굴닌자 ☆
Greninja BREAK,개굴닌자 BREAK
Greninja ex,개굴닌자 ex
Greninja EX,개굴닌자 EX
Greninja GX,개굴닌자 GX
Greninja V,개굴닌자 V
Greninja V-UNION,개굴닌자 V-UNION
Greninja-GX,개굴닌자-GX
Grimer,질퍽이
Grimmsnarl,오롱털
Grimmsnarl V,오롱털 V
Grimmsnarl VMAX,오롱털 VMAX
Grookey,흥나숭
Grookey on the Ball,흥나숭 온 더 볼
Grotle,수풀부기
Groudon,그란돈
Groudon ex,그란돈 ex
Groudon EX,그란돈 EX
Groudon Star,그란돈 Star
Groudon-EX,그란돈-EX
Grovyle,나무돌이
Grovyle δ,나무돌이 δ
Growl,Growl
Growlithe,가디
Grubbin,턱지충이
Grumpig,피그킹
Gulpin,꼴깍몬
Gumshoos,형사구스
Gumshoos GX,형사구스 GX
Gurdurr,토쇠골
Guzzlord,악식킹
Guzzlord ex,악식킹 ex
Guzzlord GX,악식킹 GX
Guzzlord-GX,악식킹-GX
Gyarados,갸라도스
Gyarados ☆ δ,갸라도스 ☆ δ
Gyarados ex,갸라도스 ex
Gyarados EX,갸라도스 EX
Gyarados G,갸라도스 G
Gyarados GX,갸라도스 GX
Gyarados V,갸라도스 V
Gyarados VMAX,갸라도스 VMAX
Gyarados δ,갸라도스 δ
Hakamo-o,짜랑고우
Happiny,핑복
Hariyama,하리뭉
Hariyama ex,하리뭉 ex
Hatenna,몸지브림
Hatterene,브리무음
Hatterene V,브리무음 V
Hatterene VMAX,브리무음 VMAX
Hattrem,손지브림
Haunter,고우스트
Hawlucha,루차불
Hawlucha EX,루차불 EX
Haxorus,액스라이즈
Headbutt,Headbutt
Hearthflame Mask Ogerpon,오거폰 화덕의 가면
Hearthflame Mask Ogerpon ex,오거폰 화덕의 가면 ex
Heat Rotom,히트로토무
Heatmor,앤티골
Heatran,히드런
Heatran GX,히드런 GX
Heatran V,히드런 V
Heatran VMAX,히드런 VMAX
Heatran-EX,히드런-EX
Heliolisk,일레도리자드
Helioptile,목도리키텔
Heracross,헤라크로스
Heracross E4,헤라크로스 E4
Heracross EX,헤라크로스 EX
Heracross δ,헤라크로스 δ
Herdier,하데리어
Hippopotas,히포포타스
Hippowdon,하마돈
Hippowdon E4,하마돈 E4
Hippowdon LV.X,하마돈 LV.X
Hisuian Arcanine,히스이 윈디
Hisuian Arcanine V,히스이 윈디 V
Hisuian Avalugg,히스이 크레베이스
Hisuian Basculegion,히스이 대쓰여너
Hisuian Basculin,히스이 배쓰나이
Hisuian Braviary,히스이 워글
Hisuian Decidueye,히스이 모크나이퍼
Hisuian Decidueye V,히스이 모크나이퍼 V
Hisuian Decidueye VSTAR,히스이 모크나이퍼 VSTAR
Hisuian Electrode,히스이 붐볼
Hisuian Electrode V,히스이 붐볼 V
Hisuian Goodra,히스이 미끄래곤
Hisuian Goodra V,히스이 미끄래곤 V
Hisuian Goodra VSTAR,히스이 미끄래곤 VSTAR
Hisuian Growlithe,히스이 가디
Hisuian Lilligant,히스이 드레디어
Hisuian Lilligant V,히스이 드레디어 V
Hisuian Lilligant VSTAR,히스이 드레디어 VSTAR
Hisuian Overqwil,히스이 장침바루
Hisuian Qwilfish,히스이 침바루
Hisuian Samurott,히스이 대검귀
Hisuian Samurott V,히스이 대검귀 V
Hisuian Samurott VSTAR,히스이 대검귀 VSTAR
Hisuian Sliggoo,히스이 미끄네일
Hisuian Sneasel,히스이 포푸니
Hisuian Sneasler,히스이 포푸니크
Hisuian Sneasler V,히스이 포푸니크 V
Hisuian Typhlosion,히스이 블레이범
Hisuian Typhlosion V,히스이 블레이범 V
Hisuian Typhlosion VSTAR,히스이 블레이범 VSTAR
Hisuian Voltorb,히스이 찌리리공
Hisuian Zoroark,히스이 조로아크
Hisuian Zoroark V,히스이 조로아크 V
Hisuian Zoroark VSTAR,히스이 조로아크 VSTAR
Hisuian Zorua,히스이 조로아
Hitmonchan,홍수몬
Hitmonchan ex,홍수몬 ex
Hitmonlee,시라소몬
Hitmontop,카포에라
Ho Oh,Ho Oh
Ho-oh,칠색조
Ho-Oh,칠색조
Ho-Oh BREAK,칠색조 BREAK
Ho-Oh ex,칠색조 ex
Ho-Oh EX,칠색조 EX
Ho-Oh GX,칠색조 GX
Ho-Oh LEGEND,칠색조 LEGEND
Ho-Oh V,칠색조 V
Ho-Oh-EX,칠색조-EX
Ho-Oh-GX,칠색조-GX
Holon's Castform,홀론의 캐스퐁
Holon's Electrode,홀론의 붐볼
Holon's Magnemite,홀론의 코일
Holon's Magneton,홀론의 레어코일
Holon's Voltorb,홀론의 찌리리공
Honchkrow,돈크로우
Honchkrow G,돈크로우 G
Honchkrow GX,돈크로우 GX
Honchkrow V,돈크로우 V
Honedge,단칼빙
Hoopa,후파
Hoopa ex,후파 ex
Hoopa EX,후파 EX
Hoopa GX,후파 GX
Hoopa V,후파 V
Hoothoot,부우부
Hop's Corviknight,호브의 아머까오
Hop's Corvisquire,호브의 파크로우
Hop's Cramorant,호브의 윽우지
Hop's Dubwool,호브의 배우르
Hop's Rookidee,호브의 파라꼬
Hop's Sandaconda,호브의 사다이사
Hop's Silicobra,호브의 모래뱀
Hop's Snorlax,호브의 잠만보
Hop's Wooloo,호브의 우르
Hop's Zacian ex,호브의 자시안 ex
Hoppip,통통코
Horsea,쏘드라
Horsea δ,쏘드라 δ
Houndoom,헬가
Houndoom E4,헬가 E4
Houndoom ex,헬가 ex
Houndoom EX,헬가 EX
Houndoom G,헬가 G
Houndoom V,헬가 V
Houndour,델빌
Houndstone,묘두기
Houndstone ex,묘두기 ex
Huntail,헌테일
Hydrapple,과미드라
Hydrapple ex,과미드라 ex
Hydreigon,삼삼드래
Hydreigon BREAK,삼삼드래 BREAK
Hydreigon C,삼삼드래 C
Hydreigon ex,삼삼드래 ex
Hydreigon EX,삼삼드래 EX
Hypno,슬리퍼
Ice Rider Calyrex V,백마 버드렉스 V
Ice Rider Calyrex VMAX,백마 버드렉스 VMAX
Igglybuff,푸푸린
Illumise,네오비트
Imakuni?'s Doduo,이마쿠니?의 두두
Impidimp,메롱꿍
Incineroar,어흥염
Incineroar ex,어흥염 ex
Incineroar GX,어흥염 GX
Incineroar V,어흥염 V
Indeedee,에써르
Indeedee ex,에써르 ex
Indeedee V,에써르 V
Infernape,초염몽
Infernape E4,초염몽 E4
Infernape E4 LV.X,초염몽 E4 LV.X
Infernape ex,초염몽 ex
Infernape V,초염몽 V
Inkay,오케이징
Inteleon,인텔리레온
Inteleon V,인텔리레온 V
Inteleon VMAX,인텔리레온 VMAX
Iono's Bellibolt ex,모야모의 찌리배리 ex
Iono's Electrode,모야모의 붐볼
Iono's Kilowattrel,모야모의 찌리비크
Iono's Tadbulb,모야모의 빈나두
Iono's Voltorb,모야모의 찌리리공
Iono's Wattrel,모야모의 찌리비
Iron Boulder,무쇠암석
Iron Boulder ex,무쇠암석 ex
Iron Bundle,무쇠보따리
Iron Crown,무쇠감투
Iron Crown ex,무쇠감투 ex
Iron Hands,무쇠손
Iron Hands ex,무쇠손 ex
Iron Jugulis,무쇠머리
Iron Leaves,무쇠잎새
Iron Leaves ex,무쇠잎새 ex
Iron Moth,무쇠독나방
Iron Tail,Iron Tail
Iron Thorns,무쇠가시
Iron Thorns ex,무쇠가시 ex
Iron Treads,무쇠바퀴
Iron Treads ex,무쇠바퀴 ex
Iron Valiant,무쇠무인
Iron Valiant ex,무쇠무인 ex
Ivysaur,이상해풀
Jangmo-o,짜랑꼬
Jellicent,탱탱겔
Jellicent ex,탱탱겔 ex
Jigglypuff,푸린
Jirachi,지라치
Jirachi ◇,지라치 ◇
Jirachi ex,지라치 ex
Jirachi GX,지라치 GX
Jirachi V,지라치 V
Jirachi-EX,지라치-EX
Jolteon,쥬피썬더
Jolteon ☆,쥬피썬더 ☆
Jolteon ex,쥬피썬더 ex
Jolteon EX,쥬피썬더 EX
Jolteon GX,쥬피썬더 GX
Jolteon V,쥬피썬더 V
Jolteon VMAX,쥬피썬더 VMAX
Jolteon δ,쥬피썬더 δ
Jolteon-EX,쥬피썬더-EX
Joltik,파쪼옥
Jumpluff,솜솜코
Jumpluff ex,솜솜코 ex
Jynx,루주라
Jynx ex,루주라 ex
Jynx δ,루주라 δ
Kabuto,투구
Kabuto δ,투구 δ
Kabutops,투구푸스
Kabutops ex,투구푸스 ex
Kabutops δ,투구푸스 δ
Kadabra,윤겔라
Kakuna,딱충이
Kangaskhan,캥카
Kangaskhan ex,캥카 ex
Kangaskhan EX,캥카 EX
Kangaskhan GX,캥카 GX
Karrablast,딱정곤
Kartana,종이신도
Kartana GX,종이신도 GX
Kartana-GX,종이신도-GX
Kecleon,켈리몬
Keldeo,케르디오
Keldeo ex,케르디오 ex
Keldeo GX,케르디오 GX
Keldeo V,케르디오 V
Keldeo-EX,케르디오-EX
Kilowattrel,찌리비크
Kilowattrel ex,찌리비크 ex
Kingambit,대도각참
Kingdra,킹드라
Kingdra ex,킹드라 ex
Kingdra EX,킹드라 EX
Kingdra ex δ,킹드라 ex δ
Kingdra GX,킹드라 GX
Kingdra δ,킹드라 δ
Kingler,킹크랩
Kingler V,킹크랩 V
Kingler VMAX,킹크랩 VMAX
Kingler δ,킹크랩 δ
Kirlia,킬리아
Kirlia δ,킬리아 δ
Klang,기기어르
Klawf,절벼게
Klawf ex,절벼게 ex
Kleavor,사마자르
Kleavor V,사마자르 V
Kleavor VSTAR,사마자르 VSTAR
Klefki,클레피
Klink,기어르
Klinklang,기기기어르
Koffing,또가스
Koga's Arbok,독수의 아보크
Koga's Beedrill,독수의 독침붕
Koga's Ditto,독수의 메타몽
Koga's Ekans,독수의 아보
Koga's Golbat,독수의 골뱃
Koga's Grimer,독수의 질퍽이
Koga's Kakuna,독수의 딱충이
Koga's Koffing,독수의 또가스
Koga's Muk,독수의 질뻐기
Koga's Pidgeotto,독수의 피죤
Koga's Pidgey,독수의 구구
Koga's Tangela,독수의 덩쿠리
Koga's Weedle,독수의 뿔충이
Koga's Weezing,독수의 또도가스
Koga's Zubat,독수의 주뱃
Komala,자말라
Kommo-o,짜랑고우거
Kommo-o GX,짜랑고우거 GX
Koraidon,코라이돈
Koraidon ex,코라이돈 ex
Krabby,크랩
Kricketot,귀뚤뚜기
Kricketune,귀뚤톡크
Kricketune V,귀뚤톡크 V
Krokorok,악비르
Krookodile,악비아르
Krookodile ex,악비아르 ex
Krookodile EX,악비아르 EX
Kubfu,치고마
Kyogre,가이오가
Kyogre & Groudon LEGEND,가이오가 & 그란돈 LEGEND
Kyogre ex,가이오가 ex
Kyogre EX,가이오가 EX
Kyogre Star,가이오가 Star
Kyogre V,가이오가 V
Kyogre-EX,가이오가-EX
Kyurem,큐레무
Kyurem ex,큐레무 ex
Kyurem EX,큐레무 EX
Kyurem V,큐레무 V
Kyurem VMAX,큐레무 VMAX
Kyurem-EX,큐레무-EX
Lairon,갱도라
Lampent,램프라
Lance's Charizard V,목호의 리자몽 V
Landorus,랜드로스
Landorus-EX,랜드로스-EX
Lanturn,랜턴
Lanturn ex,랜턴 ex
Lapras,라프라스
Lapras ex,라프라스 ex
Lapras GX,라프라스 GX
Lapras V,라프라스 V
Lapras VMAX,라프라스 VMAX
Larvesta,활화르바
Larvitar,애버라스
Larvitar δ,애버라스 δ
Latias,라티아스
Latias & Latios GX,라티아스 & 라티오스 GX
Latias ◇,라티아스 ◇
Latias ☆,라티아스 ☆
Latias ex,라티아스 ex
Latias ex δ,라티아스 ex δ
Latias δ,라티아스 δ
Latias-EX,라티아스-EX
Latios,라티오스
Latios ◇,라티오스 ◇
Latios ☆,라티오스 ☆
Latios ex,라티오스 ex
Latios EX,라티오스 EX
Latios ex δ,라티오스 ex δ
Latios GX,라티오스 GX
Latios δ,라티오스 δ
Latios-EX,라티오스-EX
Leafeon,리피아
Leafeon ex,리피아 ex
Leafeon EX,리피아 EX
Leafeon GX,리피아 GX
Leafeon V,리피아 V
Leafeon VMAX,리피아 VMAX
Leafeon VSTAR,리피아 VSTAR
Leafeon-GX,리피아-GX
Leavanny,모아머
Lechonk,맛보돈
Ledian,레디안
Ledian δ,레디안 δ
Ledyba,레디바
Ledyba δ,레디바 δ
Lickilicky,내룸벨트
Lickilicky C,내룸벨트 C
Lickilicky ex,내룸벨트 ex
Lickitung,내루미
Lickitung δ,내루미 δ
Liepard,레파르다스
Liepard V,레파르다스 V
Light Arcanine,라이트 윈디
Light Azumarill,라이트 마릴리
Light Dewgong,라이트 쥬레곤
Light Dragonair,라이트 신뇽
Light Dragonite,라이트 망나뇽
Light Flareon,라이트 부스터
Light Golduck,라이트 골덕
Light Jolteon,라이트 쥬피썬더
Light Lanturn,라이트 랜턴
Light Ledian,라이트 레디안
Light Machamp,라이트 괴력몬
Light Machoke,라이트 근육몬
Light Ninetales,라이트 나인테일
Light Piloswine,라이트 메꾸리
Light Slowbro,라이트 야도란
Light Sunflora,라이트 해루미
Light Togetic,라이트 토게틱
Light Toxtricity,라이트 스트린더
Light Vaporeon,라이트 샤미드
Light Venomoth,라이트 도나리
Light Wigglytuff,라이트 푸크린
Lileep,릴링
Lileep δ,릴링 δ
Lillie's Clefairy ex,릴리에의 삐삐 ex
Lillie's Comfey,릴리에의 큐아링
Lillie's Cutiefly,릴리에의 에블리
Lillie's Ribombee,릴리에의 에리본
Lilligant,드레디어
Lillipup,요테리
Linoone,직구리
Litleo,레오꼬
Litten,냐오불
Litwick,불켜미
Lokix,엑스레그
Lombre,로토스
Lopunny,이어롭
Lotad,연꽃몬
Loudred,노공룡
Lt. Surge's Eevee,마티스의 이브이
Lt. Surge's Electabuzz,마티스의 에레브
Lt. Surge's Electrode,마티스의 붐볼
Lt. Surge's Fearow,마티스의 깨비드릴조
Lt. Surge's Jolteon,마티스의 쥬피썬더
Lt. Surge's Magnemite,마티스의 코일
Lt. Surge's Magneton,마티스의 레어코일
Lt. Surge's Pikachu,마티스의 피카츄
Lt. Surge's Raichu,마티스의 라이츄
Lt. Surge's Raticate,마티스의 레트라
Lt. Surge's Rattata,마티스의 꼬렛
Lt. Surge's Spearow,마티스의 깨비참
Lt. Surge's Voltorb,마티스의 찌리리공
Lucario,루카리오
Lucario & Melmetal GX,루카리오 & 멜메탈 GX
Lucario C,루카리오 C
Lucario ex,루카리오 ex
Lucario EX,루카리오 EX
Lucario GL,루카리오 GL
Lucario GX,루카리오 GX
Lucario V,루카리오 V
Lucario VSTAR,루카리오 VSTAR
Lucario-GX,루카리오-GX
Ludicolo,로파파
Ludicolo δ,로파파 δ
Lugia,루기아
Lugia BREAK,루기아 BREAK
Lugia ex,루기아 ex
Lugia EX,루기아 EX
Lugia GX,루기아 GX
Lugia LEGEND,루기아 LEGEND
Lugia V,루기아 V
Lugia VSTAR,루기아 VSTAR
Lugia-EX,루기아-EX
Lumineon,네오라이트
Lumineon V,네오라이트 V
Lunala,루나아라
Lunala ◇,루나아라 ◇
Lunala ex,루나아라 ex
Lunala GX,루나아라 GX
Lunatone,루나톤
Lurantis,라란티스
Lurantis ex,라란티스 ex
Lurantis GX,라란티스 GX
Luvdisc,사랑동이
Luxio,럭시오
Luxray,렌트라
Luxray BREAK,렌트라 BREAK
Luxray ex,렌트라 ex
Luxray GL,렌트라 GL
Luxray GL LV.X,렌트라 GL LV.X
Luxray V,렌트라 V
Lycanroc,루가루암
Lycanroc ex,루가루암 ex
Lycanroc GX,루가루암 GX
Lycanroc V,루가루암 V
Lycanroc VMAX,루가루암 VMAX
Lycanroc-GX,루가루암-GX
M Absol EX,M앱솔 EX
M Aerodactyl EX,M프테라 EX
M Aggron EX,M보스로라 EX
M Alakazam EX,M후딘 EX
M Altaria EX,M파비코리 EX
M Ampharos EX,M전룡 EX
M Audino EX,M다부니 EX
M Beedrill-EX,M독침붕-EX
M Blastoise EX,M거북왕 EX
M Blaziken EX,M번치코 EX
M Camerupt-EX,M폭타-EX
M Charizard EX,M리자몽 EX
M Diancie EX,M디안시 EX
M Gallade EX,M엘레이드 EX
M Garchomp-EX,M한카리아스-EX
M Gardevoir EX,M가디안 EX
M Gengar EX,M팬텀 EX
M Gengar-EX,M팬텀-EX
M Glalie EX,M얼음귀신 EX
M Gyarados EX,M갸라도스 EX
M Heracross EX,M헤라크로스 EX
M Houndoom EX,M헬가 EX
M Kangaskhan EX,M캥카 EX
M Latios EX,M라티오스 EX
M Lucario EX,M루카리오 EX
M Lucario-EX,M루카리오-EX
M Manectric EX,M썬더볼트 EX
M Manectric-EX,M썬더볼트-EX
M Mawile EX,M입치트 EX
M Metagross EX,M메타그로스 EX
M Mewtwo EX,M뮤츠 EX
M Pidgeot EX,M피죤투 EX
M Rayquaza EX,M레쿠쟈 EX
M Salamence-EX,M보만다-EX
M Sceptile EX,M나무킹 EX
M Scizor EX,M핫삼 EX
M Sharpedo-EX,M샤크니아-EX
M Slowbro EX,M야도란 EX
M Steelix EX,M강철톤 EX
M Swampert EX,M대짱이 EX
M Tyranitar EX,M마기라스 EX
M Venusaur EX,M이상해꽃 EX
Mabosstiff,마피티프
Mabosstiff ex,마피티프 ex
Machamp,괴력몬
Machamp BREAK,괴력몬 BREAK
Machamp ex,괴력몬 ex
Machamp EX,괴력몬 EX
Machamp GL,괴력몬 GL
Machamp GX,괴력몬 GX
Machamp V,괴력몬 V
Machamp VMAX,괴력몬 VMAX
Machoke,근육몬
Machop,알통몬
Magby,마그비
Magcargo,마그카르고
Magcargo ex,마그카르고 ex
Magcargo GX,마그카르고 GX
Magearna,마기아나
Magearna EX,마기아나 EX
Magearna V,마기아나 V
Magearna-EX,마기아나-EX
Magikarp,잉어킹
Magikarp & Wailord GX,잉어킹 & 고래왕 GX
Magikarp δ,잉어킹 δ
Magmar,마그마
Magmar ex,마그마 ex
Magmortar,마그마번
Magnemite,코일
Magneton,레어코일
Magnezone,자포코일
Magnezone ex,자포코일 ex
Magnezone EX,자포코일 EX
Magnezone V,자포코일 V
Magnezone VSTAR,자포코일 VSTAR
Makuhita,마크탕
Malamar,칼라마네로
Malamar EX,칼라마네로 EX
Malamar V,칼라마네로 V
Malamar VMAX,칼라마네로 VMAX
Mamoswine,맘모꾸리
Mamoswine ex,맘모꾸리 ex
Mamoswine GL,맘모꾸리 GL
Manaphy,마나피
Manaphy EX,마나피 EX
Mandibuzz,버랜지나
Mandibuzz BREAK,버랜지나 BREAK
Mandibuzz ex,버랜지나 ex
Manectric,썬더볼트
Manectric ex,썬더볼트 ex
Manectric EX,썬더볼트 EX
Manectric G,썬더볼트 G
Mankey,망키
Mankey δ,망키 δ
Mantine,만타인
Mantine δ,만타인 δ
Mantyke,타만타
Maractus,마라카치
Mareanie,시마사리
Mareep,메리프
Mareep δ,메리프 δ
Marill,마릴
Marnie's Grimmsnarl ex,마리의 오롱털 ex
Marnie's Impidimp,마리의 메롱꿍
Marnie's Liepard,마리의 레파르다스
Marnie's Morgrem,마리의 쏘겨모
Marnie's Morpeko,마리의 모르페코
Marnie's Purrloin,마리의 쌔비냥
Marnie's Scrafty,마리의 곤율거니
Marnie's Scraggy,마리의 곤율랭
Marowak,텅구리
Marowak BREAK,텅구리 BREAK
Marowak ex,텅구리 ex
Marowak δ,텅구리 δ
Marshadow,마샤도
Marshadow & Machamp GX,마샤도 & 괴력몬 GX
Marshadow GX,마샤도 GX
Marshtomp,늪짱이
Maschiff,오라티프
Masquerain,비나방
Maushold,파밀리쥐
Maushold ex,파밀리쥐 ex
Mawile,입치트
Mawile EX,입치트 EX
Mawile GX,입치트 GX
Mawile V,입치트 V
Mawile VSTAR,입치트 VSTAR
Medicham,요가램
Medicham ex,요가램 ex
Medicham V,요가램 V
Meditite,요가랑
Mega Abomasnow ex,메가눈설왕 ex
Mega Absol ex,메가앱솔 ex
Mega Altaria ex,메가파비코리 ex
Mega Ampharos ex,메가전룡 ex
Mega Audino ex,메가다부니 ex
Mega Blastoise ex,메가거북왕 ex
Mega Blaziken ex,메가번치코 ex
Mega Camerupt ex,메가폭타 ex
Mega Chandelure ex,메가샹델라 ex
Mega Charizard X ex,메가리자몽X ex
Mega Charizard Y ex,메가리자몽Y ex
Mega Clefable ex,메가픽시 ex
Mega Darkrai ex,메가다크라이 ex
Mega Delphox ex,메가마폭시 ex
Mega Diancie ex,메가디안시 ex
Mega Dragalge ex,메가드래캄 ex
Mega Dragonite ex,메가망나뇽 ex
Mega Drain,Mega Drain
Mega Eelektross ex,메가저리더프 ex
Mega Emboar ex,메가염무왕 ex
Mega Excadrill ex,메가몰드류 ex
Mega Feraligatr ex,메가장크로다일 ex
Mega Floette ex,메가플라엣테 ex
Mega Froslass ex,메가눈여아 ex
Mega Gallade ex,메가엘레이드 ex
Mega Gardevoir ex,메가가디안 ex
Mega Gengar ex,메가팬텀 ex
Mega Greninja ex,메가개굴닌자 ex
Mega Gyarados ex,메가갸라도스 ex
Mega Hawlucha ex,메가루차불 ex
Mega Heracross ex,메가헤라크로스 ex
Mega Kangaskhan ex,메가캥카 ex
Mega Latias ex,메가라티아스 ex
Mega Lopunny & Jigglypuff GX,메가이어롭 & 푸린 GX
Mega Lopunny ex,메가이어롭 ex
Mega Lucario ex,메가루카리오 ex
Mega Manectric ex,메가썬더볼트 ex
Mega Mawile ex,메가입치트 ex
Mega Meganium ex,메가메가니움 ex
Mega Pinsir ex,메가쁘사이저 ex
Mega Pyroar ex,메가화염레오 ex
Mega Sableye & Tyranitar GX,메가깜까미 & 마기라스 GX
Mega Scrafty ex,메가곤율거니 ex
Mega Sharpedo ex,메가샤크니아 ex
Mega Skarmory ex,메가무장조 ex
Mega Slowbro ex,메가야도란 ex
Mega Starmie ex,메가아쿠스타 ex
Mega Steelix ex,메가강철톤 ex
Mega Swampert ex,메가대짱이 ex
Mega Venusaur ex,메가이상해꽃 ex
Mega Zeraora ex,메가제라오라 ex
Mega Zygarde ex,메가지가르데 ex
Meganium,메가니움
Meganium ex,메가니움 ex
Meganium δ,메가니움 δ
Melmetal,멜메탈
Melmetal ex,멜메탈 ex
Melmetal GX,멜메탈 GX
Melmetal V,멜메탈 V
Melmetal VMAX,멜메탈 VMAX
Meloetta,메로엣타
Meloetta ex,메로엣타 ex
Meloetta-EX,메로엣타-EX
Meltan,멜탄
Meowscarada,마스카나
Meowscarada ex,마스카나 ex
Meowstic,냐오닉스
Meowstic EX,냐오닉스 EX
Meowth,나옹
Meowth ex,나옹 ex
Meowth V,나옹 V
Meowth VMAX,나옹 VMAX
Meowth δ,나옹 δ
Mesprit,엠라이트
Metagross,메타그로스
Metagross ex,메타그로스 ex
Metagross EX,메타그로스 EX
Metagross GX,메타그로스 GX
Metagross Star,메타그로스 Star
Metagross V,메타그로스 V
Metagross VMAX,메타그로스 VMAX
Metagross δ,메타그로스 δ
Metal Sound,Metal Sound
Metang,메탕구
Metang δ,메탕구 δ
Metapod,단데기
Mew,뮤
Mew ☆ δ,뮤 ☆ δ
Mew ex,뮤 ex
Mew EX,뮤 EX
Mew V,뮤 V
Mew VMAX,뮤 VMAX
Mew δ,뮤 δ
Mew-EX,뮤-EX
Mewtwo,뮤츠
Mewtwo & Mew GX,뮤츠 & 뮤 GX
Mewtwo ex,뮤츠 ex
Mewtwo EX,뮤츠 EX
Mewtwo GX,뮤츠 GX
Mewtwo Star,뮤츠 Star
Mewtwo V,뮤츠 V
Mewtwo V-UNION,뮤츠 V-UNION
Mewtwo VSTAR,뮤츠 VSTAR
Mewtwo δ,뮤츠 δ
Mewtwo-EX,뮤츠-EX
Mewtwo-GX,뮤츠-GX
Mienfoo,비조푸
Mienshao,비조도
Mightyena,그라에나
Mightyena ex,그라에나 ex
Mightyena δ,그라에나 δ
Milcery,마빌크
Milotic,밀로틱
Milotic C,밀로틱 C
Milotic ex,밀로틱 ex
Milotic V,밀로틱 V
Milotic δ,밀로틱 δ
Miltank,밀탱크
Mime Jr.,흉내내
Mimikyu,따라큐
Mimikyu ex,따라큐 ex
Mimikyu GX,따라큐 GX
Mimikyu V,따라큐 V
Mimikyu VMAX,따라큐 VMAX
Minccino,치라미
Minior,메테노
Minun,마이농
Miraidon,미라이돈
Miraidon ex,미라이돈 ex
Misdreavus,무우마
Mismagius,무우마직
Mismagius ex,무우마직 ex
Mismagius GL,무우마직 GL
Mismagius GL LV.X,무우마직 GL LV.X
Misty's Cloyster,이슬의 파르셀
Misty's Dewgong,이슬의 쥬레곤
Misty's Goldeen,이슬의 콘치
Misty's Golduck,이슬의 골덕
Misty's Gyarados,이슬의 갸라도스
Misty's Horsea,이슬의 쏘드라
Misty's Lapras,이슬의 라프라스
Misty's Magikarp,이슬의 잉어킹
Misty's Poliwag,이슬의 발챙이
Misty's Poliwhirl,이슬의 슈륙챙이
Misty's Poliwrath,이슬의 강챙이
Misty's Psyduck,이슬의 고라파덕
Misty's Seadra,이슬의 시드라
Misty's Seaking,이슬의 왕콘치
Misty's Seel,이슬의 쥬쥬
Misty's Shellder,이슬의 셀러
Misty's Starmie,이슬의 아쿠스타
Misty's Staryu,이슬의 별가사리
Misty's Tentacool,이슬의 왕눈해
Misty's Tentacruel,이슬의 독파리
Moltres,파이어
Moltres & Zapdos & Articuno GX,파이어 & 썬더 & 프리져 GX
Moltres ex,파이어 ex
Moltres-EX,파이어-EX
Monferno,파이숭이
Morelull,자마슈
Morgrem,쏘겨모
Morpeko,모르페코
Morpeko ex,모르페코 ex
Morpeko V,모르페코 V
Morpeko V-UNION,모르페코 V-UNION
Morpeko VMAX,모르페코 VMAX
Mothim,나메일
Mow Rotom,커트로토무
Mr. Mime,마임맨
Mr. Mime E4,마임맨 E4
Mr. Mime ex,마임맨 ex
Mr. Mime GX,마임맨 GX
Mudbray,머드나기
Mudkip,물짱이
Mudkip ☆,물짱이 ☆
Mudsdale,만마드
Muk,질뻐기
Muk & Alolan Muk GX,질뻐기 & 알로라 질뻐기 GX
Muk ex,질뻐기 ex
Munchlax,먹고자
Munkidori,이야후
Munkidori ex,이야후 ex
Munna,몽나
Murkrow,니로우
Musharna,몽얌나
N's Darmanitan,N의 불비달마
N's Darumaka,N의 달막화
N's Joltik,N의 파쪼옥
N's Klang,N의 기기어르
N's Klink,N의 기어르
N's Klinklang,N의 기기기어르
N's Purrloin,N의 쌔비냥
N's Reshiram,N의 레시라무
N's Sigilyph,N의 심보러
N's Zekrom,N의 제크로무
N's Zoroark ex,N의 조로아크 ex
N's Zorua,N의 조로아
Nacli,베베솔트
Naclstack,스태솔트
Naganadel,아고용
Naganadel & Guzzlord GX,아고용 & 악식킹 GX
Naganadel GX,아고용 GX
Naganadel-GX,아고용-GX
Natu,네이티
Natu δ,네이티 δ
Necrozma,네크로즈마
Necrozma GX,네크로즈마 GX
Necrozma V,네크로즈마 V
Nickit,훔처우
Nidoking,니드킹
Nidoking BREAK,니드킹 BREAK
Nidoking δ,니드킹 δ
Nidoqueen,니드퀸
Nidoqueen δ,니드퀸 δ
Nidoran ♀,니드런 ♀
Nidoran ♂,니드런 ♂
Nidoran♀,니드런♀
Nidoran♀ δ,니드런♀ δ
Nidoran♂,니드런♂
Nidoran♂ δ,니드런♂ δ
Nidorina,니드리나
Nidorina δ,니드리나 δ
Nidorino,니드리노
Nidorino δ,니드리노 δ
Nihilego,텅비드
Nihilego GX,텅비드 GX
Nihilego-GX,텅비드-GX
Nincada,토중몬
Ninetales,나인테일
Ninetales BREAK,나인테일 BREAK
Ninetales ex,나인테일 ex
Ninetales EX,나인테일 EX
Ninetales V,나인테일 V
Ninetales δ,나인테일 δ
Ninjask,아이스크
Noctowl,야부엉
Noctowl BREAK,야부엉 BREAK
Noibat,음뱃
Noivern,음번
Noivern BREAK,음번 BREAK
Noivern ex,음번 ex
Noivern GX,음번 GX
Noivern V,음번 V
Noivern-GX,음번-GX
Nosepass,코코파스
Numel,둔타
Nuzleaf,잎새코
Nuzzle,Nuzzle
Nymble,콩알뚜기
Octillery,대포무노
Oddish,뚜벅쵸
Oddish δ,뚜벅쵸 δ
Oinkologne,퍼퓨돈
Oinkologne ex,퍼퓨돈 ex
Okidogi,조타구
Okidogi ex,조타구 ex
Omanyte,암나이트
Omanyte δ,암나이트 δ
Omastar,암스타
Omastar BREAK,암스타 BREAK
Omastar V,암스타 V
Omastar δ,암스타 δ
Onix,롱스톤
Onix GX,롱스톤 GX
Oranguru,하랑우탄
Oranguru V,하랑우탄 V
Orbeetle,이올브
Orbeetle V,이올브 V
Orbeetle VMAX,이올브 VMAX
Oricorio,춤추새
Oricorio ex,춤추새 ex
Oricorio GX,춤추새 GX
Origin Forme Dialga,오리진 디아루가
Origin Forme Dialga V,오리진 디아루가 V
Origin Forme Dialga VSTAR,오리진 디아루가 VSTAR
Origin Forme Palkia,오리진 펄기아
Origin Forme Palkia V,오리진 펄기아 V
Origin Forme Palkia VSTAR,오리진 펄기아 VSTAR
Orthworm,꿈트렁
Orthworm ex,꿈트렁 ex
Oshawott,수댕이
Pachirisu,파치리스
Pachirisu ex,파치리스 ex
Palafin,돌핀맨
Palafin ex,돌핀맨 ex
Paldean Clodsire,팔데아 토오
Paldean Clodsire ex,팔데아 토오 ex
Paldean Tauros,팔데아 켄타로스
Paldean Wooper,팔데아 우파
Palkia,펄기아
Palkia & Dialga LEGEND,펄기아 & 디아루가 LEGEND
Palkia ex,펄기아 ex
Palkia EX,펄기아 EX
Palkia G,펄기아 G
Palkia G LV.X,펄기아 G LV.X
Palkia GX,펄기아 GX
Palkia-EX,펄기아-EX
Palossand,모래성이당
Palossand ex,모래성이당 ex
Palossand GX,모래성이당 GX
Palpitoad,두까비
Pancham,판짱
Pangoro,부란다
Panpour,앗차프
Pansage,야나프
Pansear,바오프
Paras,파라스
Parasect,파라섹트
Passimian,내던숭이
Passimian ex,내던숭이 ex
Patrat,보르쥐
Pawmi,빠모
Pawmo,빠모트
Pawmot,빠르모트
Pawmot ex,Pawmot ex
Pawniard,자망칼
Pecharunt,복숭악동
Pecharunt ex,복숭악동 ex
Pelipper,패리퍼
Pelipper δ,패리퍼 δ
Persian,페르시온
Persian GX,페르시온 GX
Persian δ,페르시온 δ
Petilil,치릴리
Phanpy,코코리
Phantump,나목령
Pheromosa,페로코체
Pheromosa & Buzzwole GX,페로코체 & 매시붕 GX
Pheromosa GX,페로코체 GX
Phione,피오네
Pichu,피츄
Pichu Bros.,피츄 Bros.
Pichu δ,피츄 δ
Pidgeot,피죤투
Pidgeot ex,피죤투 ex
Pidgeot EX,피죤투 EX
Pidgeot V,피죤투 V
Pidgeot δ,피죤투 δ
Pidgeotto,피죤
Pidgeotto δ,피죤 δ
Pidgey,구구
Pidgey δ,구구 δ
Pidove,콩둘기
Pignite,차오꿀
Pikachu,피카츄
Pikachu & Zekrom GX,피카츄 & 제크로무 GX
Pikachu at the Museum,박물관에 피카츄
Pikachu ex,피카츄 ex
Pikachu EX,피카츄 EX
Pikachu GX,피카츄 GX
Pikachu Libre,피카츄 리브레
Pikachu on the Ball,피카츄 온 더 볼
Pikachu Star,피카츄 Star
Pikachu V,피카츄 V
Pikachu V-UNION,피카츄 V-UNION
Pikachu VMAX,피카츄 VMAX
Pikachu with Grey Felt Hat,회색 펠트 모자 피카츄
Pikachu δ,피카츄 δ
Pikachu-EX,피카츄-EX
Pikipek,콕코구리
Piloswine,메꾸리
Pincurchin,찌르성게
Pincurchin V,찌르성게 V
Pineco,피콘
Pinsir,쁘사이저
Pinsir GX,쁘사이저 GX
Pinsir δ,쁘사이저 δ
Piplup,팽도리
Plusle,플러시
Poipole,베베놈
Politoed,왕구리
Politoed ex,왕구리 ex
Poliwag,발챙이
Poliwhirl,슈륙챙이
Poliwrath,강챙이
Poliwrath ex,강챙이 ex
Poltchageist,차데스
Polteageist,포트데스
Polteageist V,포트데스 V
Ponyta,포니타
Poochyena,포챠나
Popplio,누리공
Porygon,폴리곤
Porygon-Z,폴리곤Z
Porygon-Z G,폴리곤Z G
Porygon-Z GX,폴리곤Z GX
Porygon2,폴리곤2
Primal Groudon EX,원시 그란돈 EX
Primal Kyogre EX,원시 가이오가 EX
Primarina,누리레느
Primarina ex,누리레느 ex
Primarina GX,누리레느 GX
Primeape,성원숭
Primeape δ,성원숭 δ
Prinplup,팽태자
Probopass,대코파스
Probopass ex,대코파스 ex
Probopass G,대코파스 G
Psy Bolt,Psy Bolt
Psyduck,고라파덕
Psyduck δ,고라파덕 δ
Pumpkaboo,호바귀
Pupitar,데기라스
Pupitar δ,데기라스 δ
Purrloin,쌔비냥
Purugly,몬냥이
Purugly G,몬냥이 G
Pyroar,화염레오
Pyroar BREAK,화염레오 BREAK
Pyukumuku,해무기
Quagsire,누오
Quagsire GL,누오 GL
Quagsire δ,누오 δ
Quaquaval,웨이니발
Quaquaval ex,웨이니발 ex
Quaxly,꾸왁스
Quaxwell,아꾸왁
Quick Attack,Quick Attack
Quilava,마그케인
Quilava δ,마그케인 δ
Quilladin,도치보구
Qwilfish,침바루
Raboot,래비풋
Rabsca,베라카스
Rabsca ex,베라카스 ex
Radiant Alakazam,찬란한 후딘
Radiant Blastoise,찬란한 거북왕
Radiant Charizard,찬란한 리자몽
Radiant Charjabug,찬란한 전지충이
Radiant Eevee,찬란한 이브이
Radiant Eternatus,찬란한 무한다이노
Radiant Gardevoir,찬란한 가디안
Radiant Greninja,찬란한 개굴닌자
Radiant Hawlucha,찬란한 루차불
Radiant Heatran,찬란한 히드런
Radiant Hisuian Sneasler,찬란한 히스이 포푸니크
Radiant Jirachi,찬란한 지라치
Radiant Steelix,찬란한 강철톤
Radiant Tsareena,찬란한 달코퀸
Radiant Venusaur,찬란한 이상해꽃
Raging Bolt,날뛰는우레
Raging Bolt ex,날뛰는우레 ex
Raichu,라이츄
Raichu & Alolan Raichu GX,라이츄 & 알로라 라이츄 GX
Raichu BREAK,라이츄 BREAK
Raichu ex,라이츄 ex
Raichu GL,라이츄 GL
Raichu GX,라이츄 GX
Raichu V,라이츄 V
Raichu δ,라이츄 δ
Raikou,라이코
Raikou & Suicune LEGEND,라이코 & 스이쿤 LEGEND
Raikou ☆,라이코 ☆
Raikou ex,라이코 ex
Raikou GX,라이코 GX
Raikou V,라이코 V
Raikou-EX,라이코-EX
Rain Castform,캐스퐁 빗방울의 모습
Ralts,랄토스
Ralts δ,랄토스 δ
Rampardos,램펄드
Rampardos ex,램펄드 ex
Rampardos GL,램펄드 GL
Rapid Strike Urshifu,연격 우라오스
Rapid Strike Urshifu V,연격 우라오스 V
Rapid Strike Urshifu VMAX,연격 우라오스 VMAX
Rapidash,날쌩마
Rapidash E4,날쌩마 E4
Rapidash ex,날쌩마 ex
Raticate,레트라
Raticate BREAK,레트라 BREAK
Raticate G,레트라 G
Rattata,꼬렛
Rayquaza,레쿠쟈
Rayquaza & Deoxys LEGEND,레쿠쟈 & 테오키스 LEGEND
Rayquaza ☆,레쿠쟈 ☆
Rayquaza C,레쿠쟈 C
Rayquaza C LV.X,레쿠쟈 C LV.X
Rayquaza ex,레쿠쟈 ex
Rayquaza EX,레쿠쟈 EX
Rayquaza ex δ,레쿠쟈 ex δ
Rayquaza GX,레쿠쟈 GX
Rayquaza V,레쿠쟈 V
Rayquaza VMAX,레쿠쟈 VMAX
Rayquaza δ,레쿠쟈 δ
Rayquaza-EX,레쿠쟈-EX
Regice,레지아이스
Regice ☆,레지아이스 ☆
Regice ex,레지아이스 ex
Regidrago,레지드래고
Regidrago V,레지드래고 V
Regidrago VSTAR,레지드래고 VSTAR
Regieleki,레지에레키
Regieleki V,레지에레키 V
Regieleki VMAX,레지에레키 VMAX
Regigigas,레지기가스
Regigigas FB,레지기가스 FB
Regigigas V,레지기가스 V
Regigigas VSTAR,레지기가스 VSTAR
Regigigas-EX,레지기가스-EX
Regirock,레지락
Regirock ☆,레지락 ☆
Regirock ex,레지락 ex
Regirock EX,레지락 EX
Regirock V,레지락 V
Registeel,레지스틸
Registeel ☆,레지스틸 ☆
Registeel ex,레지스틸 ex
Registeel-EX,레지스틸-EX
Relicanth,시라칸
Rellor,구르데
Remoraid,총어
Reshiram,레시라무
Reshiram & Charizard GX,레시라무 & 리자몽 GX
Reshiram & Zekrom GX,레시라무 & 제크로무 GX
Reshiram ex,레시라무 ex
Reshiram GX,레시라무 GX
Reshiram V,레시라무 V
Reshiram-EX,레시라무-EX
Reshiram-GX,레시라무-GX
Reuniclus,란쿨루스
Revavroom,부르르룸
Revavroom ex,부르르룸 ex
Rhydon,코뿌리
Rhyhorn,뿔카노
Rhyperior,거대코뿌리
Rhyperior E4,거대코뿌리 E4
Rhyperior V,거대코뿌리 V
Ribombee,에리본
Rillaboom,고릴타
Rillaboom V,고릴타 V
Rillaboom VMAX,고릴타 VMAX
Riolu,리오르
Roaring Moon,고동치는달
Roaring Moon ex,고동치는달 ex
Rocket's Articuno ex,로켓단의 프리져 ex
Rocket's Entei ex,로켓단의 앤테이 ex
Rocket's Hitmonchan,로켓단의 홍수몬
Rocket’s Hitmonchan,로켓단의 홍수몬
Rocket's Hitmonchan ex,로켓단의 홍수몬 ex
Rocket's Meowth,로켓단의 나옹
Rocket's Mewtwo,로켓단의 뮤츠
Rocket’s Mewtwo,로켓단의 뮤츠
Rocket's Mewtwo ex,로켓단의 뮤츠 ex
Rocket's Moltres,로켓단의 파이어
Rocket's Moltres ex,로켓단의 파이어 ex
Rocket's Persian ex,로켓단의 페르시온 ex
Rocket's Raikou ex,로켓단의 라이코 ex
Rocket’s Scizor,로켓단의 핫삼
Rocket's Scizor ex,로켓단의 핫삼 ex
Rocket's Scyther,로켓단의 스라크
Rocket's Scyther ex,로켓단의 스라크 ex
Rocket’s Sneasel,로켓단의 포푸니
Rocket's Sneasel ex,로켓단의 포푸니 ex
Rocket's Snorlax,로켓단의 잠만보
Rocket's Snorlax ex,로켓단의 잠만보 ex
Rocket's Suicune ex,로켓단의 스이쿤 ex
Rocket's Wobbuffet,로켓단의 마자용
Rocket's Zapdos,로켓단의 썬더
Rocket's Zapdos ex,로켓단의 썬더 ex
Rockruff,암멍이
Roggenrola,단굴
Rollout,Rollout
Rolycoly,탄동
Rookidee,파라꼬
Roselia,로젤리아
Roserade,로즈레이드
Roserade C,로즈레이드 C
Roserade GL,로즈레이드 GL
Rotom,로토무
Rotom ex,로토무 ex
Rotom V,로토무 V
Rotom VSTAR,로토무 VSTAR
Rowlet,나몰빼미
Rowlet & Alolan Exeggutor GX,나몰빼미 & 알로라 나시 GX
Rufflet,수리둥보
Sableye,깜까미
Sableye G,깜까미 G
Sableye V,깜까미 V
Sabrina's Abra,초련의 캐이시
Sabrina's Alakazam,초련의 후딘
Sabrina's Drowzee,초련의 슬리프
Sabrina's Gastly,초련의 고오스
Sabrina's Gengar,초련의 팬텀
Sabrina's Golduck,초련의 골덕
Sabrina's Haunter,초련의 고우스트
Sabrina's Hypno,초련의 슬리퍼
Sabrina's Jynx,초련의 루주라
Sabrina's Kadabra,초련의 윤겔라
Sabrina's Mr. Mime,초련의 마임맨
Sabrina's Porygon,초련의 폴리곤
Sabrina's Psyduck,초련의 고라파덕
Sabrina's Slowbro,초련의 야도란
Sabrina's Slowpoke,초련의 야돈
Sabrina's Venomoth,초련의 도나리
Sabrina's Venonat,초련의 콘팡
Salamence,보만다
Salamence ex,보만다 ex
Salamence EX,보만다 EX
Salamence ex δ,보만다 ex δ
Salamence GX,보만다 GX
Salamence LV.X,보만다 LV.X
Salamence V,보만다 V
Salamence VMAX,보만다 VMAX
Salamence δ,보만다 δ
Salandit,야도뇽
Salazzle,염뉴트
Salazzle ex,염뉴트 ex
Salazzle GX,염뉴트 GX
Samurott,대검귀
Sand Tomb,Sand Tomb
Sandaconda,사다이사
Sandaconda V,사다이사 V
Sandaconda VMAX,사다이사 VMAX
Sandile,깜눈크
Sandshrew,모래두지
Sandslash,고지
Sandslash δ,고지 δ
Sandy Shocks,모래털가죽
Sandy Shocks ex,모래털가죽 ex
Sandygast,모래꿍
Sawk,타격귀
Sawsbuck,바라철록
Scatterbug,분이벌레
Sceptile,나무킹
Sceptile ex,나무킹 ex
Sceptile EX,나무킹 EX
Sceptile ex δ,나무킹 ex δ
Sceptile GX,나무킹 GX
Scizor,핫삼
Scizor E4,핫삼 E4
Scizor ex,핫삼 ex
Scizor EX,핫삼 EX
Scizor GX,핫삼 GX
Scizor V,핫삼 V
Scizor VMAX,핫삼 VMAX
Scizor-GX,핫삼-GX
Scolipede,펜드라
Scorbunny,염버니
Scorbunny on the Ball,염버니 온 더 볼
Scovillain,스코빌런
Scovillain ex,스코빌런 ex
Scrafty,곤율거니
Scraggy,곤율랭
Scratch,Scratch
Scream Tail,우렁찬꼬리
Scream Tail ex,우렁찬꼬리 ex
Screech,Screech
Scyther,스라크
Scyther ex,스라크 ex
Seadra,시드라
Seadra δ,시드라 δ
Seaking,왕콘치
Sealeo,씨레오
Seedot,도토링
Seel,쥬쥬
Seel δ,쥬쥬 δ
Seismitoad,두빅굴
Seismitoad EX,두빅굴 EX
Sentret,꼬리선
Serperior,샤로다
Serperior ex,샤로다 ex
Serperior V,샤로다 V
Serperior VSTAR,샤로다 VSTAR
Servine,샤비
Seviper,세비퍼
Sewaddle,두르보
Shadow Rider Calyrex V,흑마 버드렉스 V
Shadow Rider Calyrex VMAX,흑마 버드렉스 VMAX
Sharpedo,샤크니아
Sharpedo ex,샤크니아 ex
Sharpedo EX,샤크니아 EX
Sharpedo δ,샤크니아 δ
Shaymin,쉐이미
Shaymin ◇,쉐이미 ◇
Shaymin EX,쉐이미 EX
Shaymin LV.X,쉐이미 LV.X
Shaymin V,쉐이미 V
Shaymin VSTAR,쉐이미 VSTAR
Shaymin-EX,쉐이미-EX
Shedinja,껍질몬
Shelgon,쉘곤
Shelgon δ,쉘곤 δ
Shellder,셀러
Shellder δ,셀러 δ
Shellos,깝질무
Shellos East Sea,깝질무 East Sea
Shellos West Sea,깝질무 West Sea
Shelmet,쪼마리
Shieldon,방패톱스
Shiftry,다탱구
Shiftry ex,다탱구 ex
Shiftry GX,다탱구 GX
Shiinotic,마셰이드
Shining Arceus,빛나는 아르세우스
Shining Celebi,빛나는 세레비
Shining Charizard,빛나는 리자몽
Shining Genesect,빛나는 게노세크트
Shining Gyarados,빛나는 갸라도스
Shining Ho-Oh,빛나는 칠색조
Shining Jirachi,빛나는 지라치
Shining Kabutops,빛나는 투구푸스
Shining Lugia,빛나는 루기아
Shining Magikarp,빛나는 잉어킹
Shining Mew,빛나는 뮤
Shining Mewtwo,빛나는 뮤츠
Shining Noctowl,빛나는 야부엉
Shining Raichu,빛나는 라이츄
Shining Rayquaza,빛나는 레쿠쟈
Shining Steelix,빛나는 강철톤
Shining Tyranitar,빛나는 마기라스
Shining Volcanion,빛나는 볼케니온
Shinx,꼬링크
Shroodle,땃쭈르
Shroomish,버섯꼬
Shuckle,단단지
Shuckle ex,단단지 ex
Shuckle GX,단단지 GX
Shuppet,어둠대신
Sigilyph,심보러
Sigilyph GX,심보러 GX
Silcoon,실쿤
Silicobra,모래뱀
Silvally,실버디
Silvally GX,실버디 GX
Silvally-GX,실버디-GX
Simipour,앗차키
Simisage,야나키
Simisear,바오키
Simisear V,바오키 V
Simisear VSTAR,바오키 VSTAR
Single Strike Urshifu,일격 우라오스
Single Strike Urshifu V,일격 우라오스 V
Single Strike Urshifu VMAX,일격 우라오스 VMAX
Sinistcha,그우린차
Sinistcha ex,그우린차 ex
Sinistea,데인차
Sizzlipede,태우지네
Skarmory,무장조
Skarmory ex,무장조 ex
Skarmory EX,무장조 EX
Skarmory FB,무장조 FB
Skeledirge,라우드본
Skeledirge ex,라우드본 ex
Skiddo,메이클
Skiploom,두코
Skitty,에나비
Skorupi,스콜피
Skrelp,수레기
Skuntank,스컹탱크
Skuntank G,스컹탱크 G
Skuntank V,스컹탱크 V
Skwovet,탐리스
Slaking,게을킹
Slaking ex,게을킹 ex
Slaking V,게을킹 V
Slakoth,게을로
Slam,Slam
Sliggoo,미끄네일
Slither Wing,땅을기는날개
Slowbro,야도란
Slowbro EX,야도란 EX
Slowking,야도킹
Slowking ex,야도킹 ex
Slowpoke,야돈
Slowpoke & Psyduck GX,야돈 & 고라파덕 GX
Slugma,마그마그
Slurpuff,나루림
Smeargle,루브도
Smeargle δ,루브도 δ
Smoliv,미니브
Smoochum,뽀뽀라
Smoochum δ,뽀뽀라 δ
Sneasel,포푸니
Sneasel ex,포푸니 ex
Snivy,주리비얀
Snom,누니머기
Snorlax,잠만보
Snorlax ex,잠만보 ex
Snorlax GX,잠만보 GX
Snorlax LV.X,잠만보 LV.X
Snorlax V,잠만보 V
Snorlax VMAX,잠만보 VMAX
Snorlax δ,잠만보 δ
Snorunt,눈꼬마
Snover,눈쓰개
Snow-cloud Castform,캐스퐁 설운의 모습
Snubbull,블루
Sobble,울머기
Sobble on the Ball,울머기 온 더 볼
Solgaleo,솔가레오
Solgaleo & Lunala GX,솔가레오 & 루나아라 GX
Solgaleo ◇,솔가레오 ◇
Solgaleo ex,솔가레오 ex
Solgaleo GX,솔가레오 GX
Solosis,유니란
Solrock,솔록
Spearow,깨비참
Special Delivery Bidoof,스페셜 딜리버리 비버니
Special Delivery Charizard,스페셜 딜리버리 리자몽
Special Delivery Pikachu,스페셜 딜리버리 피카츄
Spectrier,레이스포스
Spewpa,분떠도리
Spheal,대굴레오
Spidops,트래피더
Spidops ex,트래피더 ex
Spinarak,페이검
Spinda,얼루기
Spiritomb,화강돌
Spiritomb C,화강돌 C
Spoil the Fun,Spoil the Fun
Spoink,피그점프
Sprigatito,나오하
Sprigatito ex,나오하 ex
Spritzee,슈쁘
Squawkabilly,시비꼬
Squawkabilly ex,시비꼬 ex
Squirtle,꼬부기
Stakataka,차곡차곡
Stakataka GX,차곡차곡 GX
Stakataka-GX,차곡차곡-GX
Stantler,노라키
Staraptor,찌르호크
Staraptor FB,찌르호크 FB
Staraptor FB LV.X,찌르호크 FB LV.X
Staravia,찌르버드
Starly,찌르꼬
Starmie,아쿠스타
Starmie BREAK,아쿠스타 BREAK
Starmie ex,아쿠스타 ex
Starmie GX,아쿠스타 GX
Starmie V,아쿠스타 V
Starmie δ,아쿠스타 δ
Staryu,별가사리
Steelix,강철톤
Steelix ex,강철톤 ex
Steelix EX,강철톤 EX
Steelix GL,강철톤 GL
Steelix V,강철톤 V
Steenee,달무리나
Steven's Baltoy,성호의 오뚝군
Steven's Beldum,성호의 메탕
Steven's Carbink,성호의 멜리시
Steven's Claydol,성호의 점토도리
Steven's Metagross ex,성호의 메타그로스 ex
Steven's Metang,성호의 메탕구
Steven's Skarmory,성호의 무장조
Stonjourner,돌헨진
Stonjourner V,돌헨진 V
Stonjourner VMAX,돌헨진 VMAX
Stoutland,바랜드
Stoutland V,바랜드 V
Stufful,포곰곰
Stunfisk,메더
Stunfisk ex,메더 ex
Stunky,스컹뿡
Sudowoodo,꼬지모
Suicune,스이쿤
Suicune & Entei LEGEND,스이쿤 & 앤테이 LEGEND
Suicune ☆,스이쿤 ☆
Suicune ex,스이쿤 ex
Suicune GX,스이쿤 GX
Suicune V,스이쿤 V
Sunflora,해루미
Sunkern,해너츠
Sunny Castform,캐스퐁 태양의 모습
Surfing Pikachu,파도타기 피카츄
Surfing Pikachu V,파도타기 피카츄 V
Surfing Pikachu VMAX,파도타기 피카츄 VMAX
Surskit,비구술
Swablu,파비코
Swablu δ,파비코 δ
Swadloon,두르쿤
Swalot,꿀꺽몬
Swampert,대짱이
Swampert ex,대짱이 ex
Swampert EX,대짱이 EX
Swanna,스완나
Swellow,스왈로
Swellow δ,스왈로 δ
Swinub,꾸꾸리
Swirlix,나룸퍼프
Swoobat,맘박쥐
Sylveon,님피아
Sylveon ex,님피아 ex
Sylveon EX,님피아 EX
Sylveon GX,님피아 GX
Sylveon V,님피아 V
Sylveon VMAX,님피아 VMAX
Sylveon-GX,님피아-GX
Tackle,Tackle
Tadbulb,빈나두
Taillow,테일로
Taillow δ,테일로 δ
Talonflame,파이어로
Talonflame BREAK,파이어로 BREAK
Talonflame V,파이어로 V
Tandemaus,두리쥐
Tangela,덩쿠리
Tangrowth,덩쿠림보
Tangrowth LV.X,덩쿠림보 LV.X
Tapu Bulu,카푸브루루
Tapu Bulu GX,카푸브루루 GX
Tapu Bulu-GX,카푸브루루-GX
Tapu Fini,카푸느지느
Tapu Fini GX,카푸느지느 GX
Tapu Fini-GX,카푸느지느-GX
Tapu Koko,카푸꼬꼬꼭
Tapu Koko ◇,카푸꼬꼬꼭 ◇
Tapu Koko ex,카푸꼬꼬꼭 ex
Tapu Koko GX,카푸꼬꼬꼭 GX
Tapu Koko V,카푸꼬꼬꼭 V
Tapu Koko VMAX,카푸꼬꼬꼭 VMAX
Tapu Koko-GX,카푸꼬꼬꼭-GX
Tapu Lele,카푸나비나
Tapu Lele GX,카푸나비나 GX
Tapu Lele-GX,카푸나비나-GX
Tarountula,타랜툴라
Tatsugiri,싸리용
Tatsugiri ex,싸리용 ex
Tauros,켄타로스
Tauros ex,켄타로스 ex
Tauros GX,켄타로스 GX
Teal Mask Ogerpon,오거폰 벽록의 가면
Teal Mask Ogerpon ex,오거폰 벽록의 가면 ex
Team Aqua's Cacnea,아쿠아단의 선인왕
Team Aqua's Cacturne,아쿠아단의 밤선인
Team Aqua's Carvanha,아쿠아단의 샤프니아
Team Aqua's Chinchou,아쿠아단의 초라기
Team Aqua's Corphish,아쿠아단의 가재군
Team Aqua's Crawdaunt,아쿠아단의 가재장군
Team Aqua's Electrike,아쿠아단의 썬더라이
Team Aqua's Grimer,아쿠아단의 질퍽이
Team Aqua's Kyogre,아쿠아단의 가이오가
Team Aqua's Kyogre EX,아쿠아단의 가이오가 EX
Team Aqua's Lanturn,아쿠아단의 랜턴
Team Aqua's Manectric,아쿠아단의 썬더볼트
Team Aqua's Mightyena,아쿠아단의 그라에나
Team Aqua's Muk,아쿠아단의 질뻐기
Team Aqua's Poochyena,아쿠아단의 포챠나
Team Aqua's Sealeo,아쿠아단의 씨레오
Team Aqua's Seviper,아쿠아단의 세비퍼
Team Aqua's Sharpedo,아쿠아단의 샤크니아
Team Aqua's Spheal,아쿠아단의 대굴레오
Team Aqua's Walrein,아쿠아단의 씨카이저
Team Magma's Aggron,마그마단의 보스로라
Team Magma's Aron,마그마단의 가보리
Team Magma's Baltoy,마그마단의 오뚝군
Team Magma's Camerupt,마그마단의 폭타
Team Magma's Claydol,마그마단의 점토도리
Team Magma's Groudon,마그마단의 그란돈
Team Magma's Groudon EX,마그마단의 그란돈 EX
Team Magma's Houndoom,마그마단의 헬가
Team Magma's Houndour,마그마단의 델빌
Team Magma's Lairon,마그마단의 갱도라
Team Magma's Mightyena,마그마단의 그라에나
Team Magma's Numel,마그마단의 둔타
Team Magma's Poochyena,마그마단의 포챠나
Team Magma's Rhydon,마그마단의 코뿌리
Team Magma's Rhyhorn,마그마단의 뿔카노
Team Magma's Torkoal,마그마단의 코터스
Team Magma's Zangoose,마그마단의 쟝고
Team Rocket's Ampharos,로켓단의 전룡
Team Rocket's Arbok,로켓단의 아보크
Team Rocket's Articuno,로켓단의 프리져
Team Rocket's Blipbug,로켓단의 두루지벌레
Team Rocket's Chingling,로켓단의 랑딸랑
Team Rocket's Crobat ex,로켓단의 크로뱃 ex
Team Rocket's Dottler,로켓단의 레돔벌레
Team Rocket's Drowzee,로켓단의 슬리프
Team Rocket's Ekans,로켓단의 아보
Team Rocket's Flaaffy,로켓단의 보송송
Team Rocket's Golbat,로켓단의 골뱃
Team Rocket's Grimer,로켓단의 질퍽이
Team Rocket's Houndoom,로켓단의 헬가
Team Rocket's Houndour,로켓단의 델빌
Team Rocket's Hypno,로켓단의 슬리퍼
Team Rocket's Koffing,로켓단의 또가스
Team Rocket's Larvitar,로켓단의 애버라스
Team Rocket's Mareep,로켓단의 메리프
Team Rocket's Meowth,로켓단의 나옹
Team Rocket's Mewtwo ex,로켓단의 뮤츠 ex
Team Rocket's Mimikyu,로켓단의 따라큐
Team Rocket's Moltres ex,로켓단의 파이어 ex
Team Rocket's Muk,로켓단의 질뻐기
Team Rocket's Murkrow,로켓단의 니로우
Team Rocket's Nidoking ex,로켓단의 니드킹 ex
Team Rocket's Nidoqueen,로켓단의 니드퀸
Team Rocket's Nidoran♀,로켓단의 니드런♀
Team Rocket's Nidoran♂,로켓단의 니드런♂
Team Rocket's Nidorina,로켓단의 니드리나
Team Rocket's Nidorino,로켓단의 니드리노
Team Rocket's Orbeetle,로켓단의 이올브
Team Rocket's Persian ex,로켓단의 페르시온 ex
Team Rocket's Porygon,로켓단의 폴리곤
Team Rocket's Porygon-Z,로켓단의 폴리곤Z
Team Rocket's Porygon2,로켓단의 폴리곤2
Team Rocket's Pupitar,로켓단의 데기라스
Team Rocket's Raticate,로켓단의 레트라
Team Rocket's Rattata,로켓단의 꼬렛
Team Rocket's Sneasel,로켓단의 포푸니
Team Rocket's Spidops,로켓단의 트래피더
Team Rocket's Tarountula,로켓단의 타랜툴라
Team Rocket's Tyranitar,로켓단의 마기라스
Team Rocket's Weezing,로켓단의 또도가스
Team Rocket's Wobbuffet,로켓단의 마자용
Team Rocket's Zapdos,로켓단의 썬더
Team Rocket's Zubat,로켓단의 주뱃
Teddiursa,깜지곰
Tentacool,왕눈해
Tentacruel,독파리
Tepig,뚜꾸리
Terapagos,테라파고스
Terapagos & Friends,테라파고스 & 친구들
Terapagos ex,테라파고스 ex
Terrakion,테라키온
Terrakion-EX,테라키온-EX
Thievul,폭슬라이
Throh,던지미
Thundurus,볼트로스
Thundurus EX,볼트로스 EX
Thundurus GX,볼트로스 GX
Thundurus-EX,볼트로스-EX
Thwackey,채키몽
Timburr,으랏차
Ting-Lu,딩루
Ting-Lu ex,딩루 ex
Tinkatink,어리짱
Tinkaton,두드리짱
Tinkaton ex,두드리짱 ex
Tinkatuff,벼리짱
Tirtouga,프로토가
Toedscool,들눈해
Toedscruel,육파리
Toedscruel ex,육파리 ex
Togedemaru,토게데마루
Togedemaru ex,토게데마루 ex
Togekiss,토게키스
Togekiss C,토게키스 C
Togekiss EX,토게키스 EX
Togekiss V,토게키스 V
Togekiss VMAX,토게키스 VMAX
Togepi,토게피
Togepi & Cleffa & Igglybuff GX,토게피 & 삐 & 푸푸린 GX
Togepi δ,토게피 δ
Togetic,토게틱
Togetic δ,토게틱 δ
Torchic,아차모
Torchic ☆,아차모 ☆
Torkoal,코터스
Torkoal V,코터스 V
Tornadus,토네로스
Tornadus GX,토네로스 GX
Tornadus V,토네로스 V
Tornadus VMAX,토네로스 VMAX
Tornadus-EX,토네로스-EX
Torracat,냐오히트
Torterra,토대부기
Torterra ex,토대부기 ex
Totodile,리아코
Totodile δ,리아코 δ
Toucannon,왕큰부리
Toxapex,더시마사리
Toxapex GX,더시마사리 GX
Toxel,일레즌
Toxicroak,독개굴
Toxicroak ex,독개굴 ex
Toxicroak EX,독개굴 EX
Toxicroak G,독개굴 G
Toxtricity,스트린더
Toxtricity ex,스트린더 ex
Toxtricity V,스트린더 V
Toxtricity VMAX,스트린더 VMAX
Tranquill,유토브
Trapinch,톱치
Trapinch δ,톱치 δ
Treecko,나무지기
Treecko ☆,나무지기 ☆
Treecko δ,나무지기 δ
Trevenant,대로트
Trevenant & Dusknoir GX,대로트 & 야느와르몽 GX
Trevenant BREAK,대로트 BREAK
Trevenant EX,대로트 EX
Trevenant V,대로트 V
Trevenant VMAX,대로트 VMAX
Tropius,트로피우스
Tropius δ,트로피우스 δ
Trubbish,깨봉이
Trumbeak,크라파
Tsareena,달코퀸
Tsareena ex,달코퀸 ex
Tsareena GX,달코퀸 GX
Tsareena V,달코퀸 V
Turtonator,폭거북스
Turtonator GX,폭거북스 GX
Turtonator-GX,폭거북스-GX
Turtwig,모부기
Turtwig GL,모부기 GL
Tympole,동챙이
Tynamo,저리어
Typhlosion,블레이범
Typhlosion ex,블레이범 ex
Typhlosion δ,블레이범 δ
Tyranitar,마기라스
Tyranitar ex,마기라스 ex
Tyranitar EX,마기라스 EX
Tyranitar ex δ,마기라스 ex δ
Tyranitar GX,마기라스 GX
Tyranitar V,마기라스 V
Tyranitar δ,마기라스 δ
Tyrantrum,견고라스
Tyrantrum EX,견고라스 EX
Tyrogue,배루키
Tyrunt,티고라스
Ultra Necrozma,울트라 네크로즈마
Ultra Necrozma ex,울트라 네크로즈마 ex
Ultra Necrozma GX,울트라 네크로즈마 GX
Umbreon,블래키
Umbreon & Darkrai GX,블래키 & 다크라이 GX
Umbreon ★,블래키 ★
Umbreon ☆,블래키 ☆
Umbreon ex,블래키 ex
Umbreon EX,블래키 EX
Umbreon GX,블래키 GX
Umbreon V,블래키 V
Umbreon VMAX,블래키 VMAX
Umbreon δ,블래키 δ
Umbreon-GX,블래키-GX
Unfezant,켄호로우
Unown,안농
Unown !,안농 !
Unown ?,안농 ?
Unown [A],안농 [A]
Unown [B],안농 [B]
Unown [C],안농 [C]
Unown [D],안농 [D]
Unown [E],안농 [E]
Unown [F],안농 [F]
Unown [G],안농 [G]
Unown [H],안농 [H]
Unown [I],안농 [I]
Unown [J],안농 [J]
Unown [K],안농 [K]
Unown [L],안농 [L]
Unown [M],안농 [M]
Unown [N],안농 [N]
Unown [O],안농 [O]
Unown [P],안농 [P]
Unown [Q],안농 [Q]
Unown [S],안농 [S]
Unown [T],안농 [T]
Unown [U],안농 [U]
Unown [V],안농 [V]
Unown [W],안농 [W]
Unown [X],안농 [X]
Unown [Y],안농 [Y]
Unown [Z],안농 [Z]
Unown A,안농 A
Unown B,안농 B
Unown C,안농 C
Unown D,안농 D
Unown E,안농 E
Unown F,안농 F
Unown G,안농 G
Unown H,안농 H
Unown I,안농 I
Unown J,안농 J
Unown K,안농 K
Unown L,안농 L
Unown M,안농 M
Unown N,안농 N
Unown O,안농 O
Unown P,안농 P
Unown Q,안농 Q
Unown R,안농 R
Unown S,안농 S
Unown T,안농 T
Unown U,안농 U
Unown V,안농 V
Unown VSTAR,안농 VSTAR
Unown W,안농 W
Unown X,안농 X
Unown Y,안농 Y
Unown Z,안농 Z
Ursaluna,다투곰
Ursaluna V,다투곰 V
Ursaring,링곰
Uxie,유크시
Vanillish,바닐리치
Vanillite,바닐프티
Vanilluxe,배바닐라
Vaporeon,샤미드
Vaporeon ☆,샤미드 ☆
Vaporeon ex,샤미드 ex
Vaporeon EX,샤미드 EX
Vaporeon GX,샤미드 GX
Vaporeon V,샤미드 V
Vaporeon VMAX,샤미드 VMAX
Vaporeon δ,샤미드 δ
Varoom,부르롱
Veluza,가비루사
Veluza ex,가비루사 ex
Venipede,마디네
Venomoth,도나리
Venomoth GX,도나리 GX
Venonat,콘팡
Venusaur,이상해꽃
Venusaur & Snivy GX,이상해꽃 & 주리비얀 GX
Venusaur ex,이상해꽃 ex
Venusaur EX,이상해꽃 EX
Venusaur V,이상해꽃 V
Venusaur VMAX,이상해꽃 VMAX
Vespiquen,비퀸
Vespiquen E4,비퀸 E4
Vespiquen ex,비퀸 ex
Vibrava,비브라바
Vibrava δ,비브라바 δ
Victini,비크티니
Victini ◇,비크티니 ◇
Victini ex,비크티니 ex
Victini V,비크티니 V
Victini VMAX,비크티니 VMAX
Victini-EX,비크티니-EX
Victreebel,우츠보트
Vigoroth,발바로
Vikavolt,투구뿌논
Vikavolt GX,투구뿌논 GX
Vikavolt V,투구뿌논 V
Vileplume,라플레시아
Vileplume ex,라플레시아 ex
Vileplume GX,라플레시아 GX
Vileplume δ,라플레시아 δ
Virizion,비리디온
Virizion GX,비리디온 GX
Virizion V,비리디온 V
Virizion-EX,비리디온-EX
Vivillon,비비용
Volbeat,볼비트
Volcanion,볼케니온
Volcanion ◇,볼케니온 ◇
Volcanion ex,볼케니온 ex
Volcanion EX,볼케니온 EX
Volcanion V,볼케니온 V
Volcarona,불카모스
Volcarona GX,불카모스 GX
Volcarona V,불카모스 V
Voltorb,찌리리공
Voltorb ex,찌리리공 ex
Vullaby,벌차이
Vulpix,식스테일
Vulpix δ,식스테일 δ
Wailmer,고래왕자
Wailord,고래왕
Wailord ex,고래왕 ex
Wailord EX,고래왕 EX
Wailord V,고래왕 V
Walking Wake,굽이치는물결
Walking Wake ex,굽이치는물결 ex
Walrein,씨카이저
Walrein ex,씨카이저 ex
Wartortle,어니부기
Wash Rotom,워시로토무
Watchog,보르그
Water Gun,Water Gun
Water Pulse,Water Pulse
Wattrel,찌리비
Weavile,포푸니라
Weavile ex,포푸니라 ex
Weavile G,포푸니라 G
Weavile GX,포푸니라 GX
Weedle,뿔충이
Weepinbell,우츠동
Weezing,또도가스
Wellspring Mask Ogerpon,오거폰 우물의 가면
Wellspring Mask Ogerpon ex,오거폰 우물의 가면 ex
Whimsicott,엘풍
Whimsicott ex,엘풍 ex
Whimsicott GX,엘풍 GX
Whimsicott V,엘풍 V
Whimsicott VSTAR,엘풍 VSTAR
Whirlipede,휠구
Whiscash,메깅
Whiscash E4,메깅 E4
Whismur,소곤룡
White Kyurem,화이트 큐레무
White Kyurem GX,화이트 큐레무 GX
White Kyurem-EX,화이트 큐레무-EX
Wigglytuff,푸크린
Wigglytuff ex,푸크린 ex
Wigglytuff GX,푸크린 GX
Wiglett,바다그다
Wimpod,꼬시레
Wingull,갈모매
Wishiwashi,약어리
Wishiwashi ex,약어리 ex
Wishiwashi GX,약어리 GX
Withdraw,Withdraw
Wo-Chien,총지엔
Wo-Chien ex,총지엔 ex
Wobbuffet,마자용
Wobbuffet BREAK,마자용 BREAK
Wobbuffet V,마자용 V
Woobat,또르박쥐
Wooloo,우르
Wooper,우파
Wooper δ,우파 δ
Wormadam,도롱마담
Wormadam Plant Cloak,도롱마담 Plant Cloak
Wormadam Sandy Cloak,도롱마담 Sandy Cloak
Wormadam Trash Cloak,도롱마담 Trash Cloak
Wrap,Wrap
Wugtrio,바닥트리오
Wugtrio ex,바닥트리오 ex
Wurmple,개무소
Wynaut,마자
Wyrdeer,신비록
Wyrdeer V,신비록 V
Xatu,네이티오
Xatu δ,네이티오 δ
Xerneas,제르네아스
Xerneas ◇,제르네아스 ◇
Xerneas BREAK,제르네아스 BREAK
Xerneas ex,제르네아스 ex
Xerneas EX,제르네아스 EX
Xerneas GX,제르네아스 GX
Xurkitree,전수목
Xurkitree GX,전수목 GX
Xurkitree-GX,전수목-GX
Yamask,데스마스
Yamper,멍파치
Yanma,왕자리
Yanmega,메가자리
Yanmega BREAK,메가자리 BREAK
Yanmega E4,메가자리 E4
Yanmega ex,메가자리 ex
Yawn,Yawn
Yungoos,영구스
Yveltal,이벨타르
Yveltal BREAK,이벨타르 BREAK
Yveltal ex,이벨타르 ex
Yveltal EX,이벨타르 EX
Yveltal GX,이벨타르 GX
Yveltal-EX,이벨타르-EX
Zacian,자시안
Zacian ex,자시안 ex
Zacian V,자시안 V
Zacian V-UNION,자시안 V-UNION
Zacian VSTAR,자시안 VSTAR
Zamazenta,자마젠타
Zamazenta V,자마젠타 V
Zamazenta VSTAR,자마젠타 VSTAR
Zangoose,쟝고
Zangoose ex,쟝고 ex
Zangoose δ,쟝고 δ
Zapdos,썬더
Zapdos ex,썬더 ex
Zapdos G,썬더 G
Zapdos-EX,썬더-EX
Zarude,자루도
Zarude V,자루도 V
Zebstrika,제브라이카
Zekrom,제크로무
Zekrom ex,제크로무 ex
Zekrom GX,제크로무 GX
Zekrom-EX,제크로무-EX
Zeraora,제라오라
Zeraora GX,제라오라 GX
Zeraora V,제라오라 V
Zeraora VMAX,제라오라 VMAX
Zeraora VSTAR,제라오라 VSTAR
Zigzagoon,지그제구리
Zoroark,조로아크
Zoroark BREAK,조로아크 BREAK
Zoroark GX,조로아크 GX
Zorua,조로아
Zubat,주뱃
Zweilous,디헤드
Zygarde,지가르데
Zygarde EX,지가르데 EX
Zygarde GX,지가르데 GX
Zygarde-EX,지가르데-EX
Zygarde-GX,지가르데-GX
ナッシー[Exeggutor],ナッシー[나시]
Aaron's Collection,충호의 컬렉션
Academy at Night,밤의 아카데미
Accompanying Flute,향연피리
Ace Trainer,엘리트 트레이너
Acerola,아세로라
Acerola's Mischief,아세로라의 장난
Acerola's Premonition,아세로라의 예감
Acro Bike,더트자전거
Adaman,찬석
Adventure Bag,모험가방
Adventurer's Discovery,모험가의 발견
Adversity Policy,역경보험
Aerodactyl Spirit Link,프테라 소울링크
Aether Foundation Employee,에테르재단 직원
Aether Paradise Conservation Area,에테르파라다이스 보호구
Agatha,국화
Aggron Spirit Link,보스로라 소울링크
Air Balloon,풍선
Alakazam Spirit Link,후딘 소울링크
All-Night Party,올나이트파티
Allister,어니언
Alph Lithograph,알프의 석판
Altar of the Moone,월륜의 제단
Altar of the Sunne,일륜의 제단
Altaria Spirit Link,파비코리 소울링크
Amarys,네리네
Ampharos Spirit Link,전룡 소울링크
Amulet Coin,부적금화
Amulet of Hope,희망의 애뮬렛
Ancient Booster Energy Capsule,부스트에너지 고대
Ancient Crystal,고대의 크리스탈
Ancient Ruins,고대의 유적
Ancient Technical Machine [Ice],고대 기술머신 [빙설]
Ancient Technical Machine [Rock],고대 기술머신 [암석]
Ancient Technical Machine [Steel],고대 기술머신 [강철]
Ancient Tomb,고대의 무덤
Ange Floette,앙쥬 플라엣테
Anthea & Concordia,버베나와 헬레나
Antique Armor Fossil,오래된 방패의화석
Antique Cover Fossil,오래된 덮개화석
Antique Dome Fossil,오래된 껍질화석
Antique Helix Fossil,오래된 조개화석
Antique Jaw Fossil,오래된 턱화석
Antique Old Amber,오래된 비밀의호박
Antique Plume Fossil,오래된 깃털화석
Antique Root Fossil,오래된 뿌리화석
Antique Sail Fossil,오래된 지느러미화석
Antique Skull Fossil,오래된 두개의화석
Apricorn Forest,규토리숲
Apricorn Maker,규토리장인
Aqua Diffuser,아쿠아디퓨저
Aqua Patch,아쿠아패치
Arc Phone,아르세우스폰
Arcade Game,아케이드 게임
Archie,아강
Archie's Ace in the Hole,아강의 비장의카드
Area Zero Underdepths,제로의 대공동
Arezu,성화
Armor Fossil,방패의화석
Armor Fossil Shieldon,방패의화석 방패톱스
Aroma Lady,아로마 레이디
Artazon,보울마을
Arven,페퍼
Arven's Sandwich,페퍼의 샌드위치
Aspertia City Gym,부채시티 체육관
Assault Vest,돌격조끼
Atticus,추명
Audino Spirit Link,다부니 소울링크
Avery,세이버리
Awakening Drum,각성의 드럼
AZ,
AZ's Tranquility,AZ의 평온
Babiri Berry,바리비열매
Backtrack Badge,리트라이 배지
Ball Guy,볼가이
Balloon Berry,풍선열매
Barry,용식
Battle Cage,배틀케이지
Battle City,배틀시티
Battle Compressor Team Flare Gear,배틀컴프레서 [플레어단 기어]
Battle Frontier,배틀프런티어
Battle Reporter,배틀 리포터
Battle Tower,배틀타워
Battle VIP Pass,배틀VIP패스
Bea,채두
Beach Court,비치코트
Beast Ball,울트라볼
Beast Bringer,비스트브링거
Beast Ring,비스트링
Beast Wall,비스트월
Beastite,비스트나이트
Beauty,아가씨
Bebe's Search,이수진의 검색
Bede,비트
Beedrill Spirit Link,독침붕 소울링크
Beginning Door,시작의 문
Bellelba & Brycen-Man,주즈베&담죽맨
Bench Shield,벤치 실드
Bent Spoon,비튼스푼
Berry,나무열매
Bertha's Warmth,국화의 온기
Bianca,벨
Bianca's Devotion,벨의 진심
Bicycle,자전거
Big Air Balloon,커다란풍선
Big Charm,커다란부적
Big Malasada,큰 말라사다
Big Parasol,빅파라솔
Bill,이수재
Bill’s Analysis,이수재의 해석
Bill's Maintenance,이수재의 메인터넌스
Bill’s Maintenance,이수재의 메인터넌스
Bill's Teleporter,이수재의 전송
Bill's Transfer,이수재의 전송
Billowing Smoke,자욱한연기
Billy & O'Nare,빌리오&나리오
Binding Mochi,사슬떡
Bird Keeper,새조련사
Black Belt,태권왕
Black Belt's Training,태권왕의 수련
Black Market ◇,블랙마켓 ◇
Blacksmith,대장장이
Blaine,강연
Blaine's Gamble,강연의 도박
Blaine's Last Resort,강연의 최후의 수단
Blaine’s Last Stand,강연의 단판승부
Blaine's Quiz #1,강연의 퀴즈 #1
Blaine's Quiz #2,강연의 퀴즈 #2
Blaine's Quiz #3,강연의 퀴즈 #3
Blaine’s Quiz Show,강연의 퀴즈쇼
Blanche,블랑쉬
Blastoise Spirit Link,거북왕 소울링크
Blizzard Town,블리자드타운
Blowtorch,히트 버너
Blue,그린
Blue’s Tactics,그린의 전략
Blunder Policy,허탕보험
Bodybuilding Dumbbells,불끈불끈덤벨
Bonnie,유리카
Boost Shake,부쩍부쩍 셰이크
Boss's Orders,보스의 지령
Boss's Orders (Giovanni),보스의 지령(비주기)
Boss's Orders (Lysandre),보스의 지령(플라드리)
Box of Disaster,재앙의 상자
Boxed Order,주문박스
Brandon,기선
Brassius,콜사
Brave Bangle,브레이브뱅글
Bravery Charm,용기의부적
Brawly,철구
Briar,브라이어
Brigette,재인
Brilliant Blender,퍼펙트믹서
Brock,웅
Brock's Grit,웅의 근성
Brock’s Grit,웅의 근성
Brock’s Pewter City Gym,웅의 회색시티 체육관
Brock's Protection,웅이의 프로텍트
Brock's Scouting,웅의 스카우트
Brock’s Training,웅의 트레이닝
Brock's Training Method,웅이의 훈련법
Broken Ground Gym, Broken Ground Gym
Broken Time-Space,찢어진 시공
Brooklet Hill,잔잔한물가언덕
Bruno,시바
Bubble Coat,버블코트
Buck's Training,
Budding Expeditioner,신출내기 조사원
Buddy-Buddy Poffin,절친 포핀
Buddy-Buddy Rescue,버디버디 레스큐
Buff Padding,불끈불끈패드
Buffer Piece,
Bug Catcher,곤충채집소년
Bug Catching Set,곤충채집세트
Burning Scarf,불타는 스카프
Bursting Balloon,파열벌룬
Café Master,마스터
Caitlin,카틀레야
Calamitous Snowy Mountain,재앙의 설산
Calamitous Wasteland,재앙의 황야
Call Bell,도움벨
Camerupt Spirit Link,폭타 소울링크
Camping Gear,캠프세트
Canari,카나리
Canceling Cologne,캔슬코롱
Candela,칸델라
Candice,무청
Capacious Bucket,가득찬 양동이
Cape of Toughness,터프니스 망토
Captivating Poké Puff,
Capturing Aroma,캡처아로마
Cara Liss,모젤란
Card-Flip Game,
Caretaker,관리인
Carmine,시유
Cassiopeia,카시오페아
Cassius,크로케아
Castaway,
Cedric Juniper,주누운박사
Celadon City Gym,무지개시티 체육관
Celebratory Fanfare,축하 팡파레
Celestic Town Elder,봉신마을의 장로
Celio's Network,
Cerulean City Gym,블루시티 체육관
Cessation Crystal,
Challenge!,
Champion's Room,
Champions Festival,챔피언스 페스티벌
Championship Arena,
Channeler,주술사
Chaos Gym,
Chaos Tower,카오스타워
Chaotic Swell,혼돈의 너울
Charity,
Charizard Spirit Link,리자몽 소울링크
Charon's Choice,플루토의 선택
Cheerleader's Cheer,
Cheren,체렌
Cheren's Care,체렌의 배려심
Cherish Ball,프레셔스볼
Cheryl,모미
Chili & Cilan & Cress,팟과 덴트와 콘
Chill Teaser Toy,느긋풀
Chip-Chip Ice Axe,자박자박피켈
Choice Band,구애머리띠
Choice Belt,구애벨트
Choice Helmet,구애멧
Choy,경채
Cilan,덴트
Cinnabar City Gym,홍련체육관
Ciphermaniac's Codebreaking,암호마니아의 해독
Circhester Bath,키르쿠스 온천
Clavell,클라벨
Claw Fossil,발톱화석
Claw Fossil Anorith,발톱화석 아노딥스
Clay,야콘
Cleansing Gloves,내치기글러브
Clefairy Doll,삐삐인형
Clemont,시트론
Clemont's Backpack,시트론의 륙색
Clemont's Quick Wit,시트론의 재치
Clive,클라벨
Coach Trainer,코치 트레이너
Colbur Berry,마코열매
Collapsed Stadium,무너진 스타디움
Colress,아크로마
Colress Machine,아크로마머신
Colress's Experiment,아크로마의 실험
Colress's Tenacity,아크로마의 집념
Community Center,마을 회관
Computer Error,
Computer Search,컴퓨터통신
Conductive Quarry,
Cook,쿡
Copycat,흉내쟁이
Core Memory,코어 메모리
Counter Catcher,카운터 캐처
Counter Gain,카운터 게인
Counterattack Claws,
Cover Fossil,덮개화석
Cram-o-matic,윽우지로봇
Crasher Wake,맥실러
Crispin,하솔
Cross Switcher,크로스 스위처
Crossceiver,크로스 시버
Crushing Gloves,브레이크글러브
Crushing Hammer,크래시 해머
Crystal Beach,크리스탈 비치
Crystal Cave,결정동굴
Crystal Edge,크리스털 에지
Crystal Shard,크리스탈 조각
Crystal Wall,크리스털 월
Curse Powder,
Cursed Duster,저주의 먼지떨이
Cursed Shovel,저주의삽
Cursed Stone,저주의돌
Custom Catcher,커스텀 캐처
Cycling Road,사이클링 로드
Cyllene,금경
Cynthia,난천
Cynthia & Caitlin,난천&카틀레야
Cynthia's Ambition,난천의 패기
Cynthia's Feelings,난천의 생각
Cynthia's Guidance,난천의 인도
Cynthia's Power Weight,난천의 파워웨이트
Cyrano,시아노
Cyrus,태홍
Cyrus ◇,태홍 ◇
Cyrus's Conspiracy,
Cyrus's Initiative,
Daisy's Help,남나리의 도움
Damage Mover,데미지 무버
Damage Pump,데미지 펌프
Dan,댄
Dana,라쥬르네
Dancer,댄서
Dangerous Drill,데인저러스 드릴
Dangerous Laser,데인저러스 광선
Dark Bell,다크벨
Dark City,
Dark Claw,악의발톱
Dark Patch,다크패치
Dark Pendant,다크펜던트
Darkness Cube 01,
Dashing Pouch,대시파우치
Dawn,빛나
Dawn Stadium,새벽의 스타디움
Deduction Kit,추리세트
Defender,디펜더
Defiance Band,오기머리띠
Defiance Vest,오기조끼
Delinquent,무서운 아가씨
Delivery Drone,딜리버리드론
Deluxe Bomb,디럭스봄
Dendra,운향
Department Store Girl,
Desert Ruins,사막유적
Desert Shaman,
Devolution Spray,퇴화 스프레이
Devolution Spray Z,퇴화 스프레이Z
Devoured Field,잠식된 벌판
Diantha,카르네
Digger,
Digging Duo,구멍파기형제
Digging Gloves,구멍파기글러브
Dimension Valley,차원의 계곡
Dive Ball,다이브볼
Dizzying Valley,현기증계곡
Doctor,의사
Dome Fossil,껍질화석
Dome Fossil Kabuto,껍질화석 투구
Double Full Heal,
Double Gust,
Dowsing Machine,다우징머신
Dragon Elixir,용의 비약
Dragon Talon,용의 갈고리발톱
Dragonium Z: Dragon Claw,
Drake's Stadium,
Drasna,드라세나
Drayton,제빈
Dream Ball,드림볼
Drone Rotom,드론로토무
Dual Ball,
Dusk Ball,다크볼
Dusk Stone,어둠의돌
Dust Island,더스트 아일랜드
Dyna Tree Hill,다이맥스나무 언덕
Ear-Ringing Bell,
Earthen Seal Stone,대지의 봉인석
Earthen Vessel,대지의 그릇
Echoing Horn,메아리호른
Eco Arm,에코암
Ecogym,
Eevee Bag,이브이 가방
Egg Incubator,무한 부화장치
Electric Generator,일렉트릭 제너레이터
Electric Memory,일렉트릭메모리
Electrical Cord,일렉트릭코드
Electrocharger,
Electromagnetic Radar,
Electropower,일렉트릭파워
Elemental Badge,엘리멘탈 배지
Elemental Switch,엘리멘탈 갈아 달기
Elesa,카밀레
Elesa's Sparkle,카밀레의 반짝임
Emcee's Chatter,
Emcee's Hype,
Emergency Jelly,긴급젤리
Emma,마티에르
Eneporter,
Energy Amplifier,
Energy Ark,
Energy Charge,
Energy Coin,에너지 동전
Energy Exchanger,
Energy Flow,
Energy Link,
Energy Loto,에너지뽑기
Energy Pickup,
Energy Pouch,
Energy Recycle System,
Energy Recycler,에너지 리사이클
Energy Removal,
Energy Removal 2,
Energy Reset,
Energy Restore,에너지 재생
Energy Retrieval,에너지 회수
Energy Returner,
Energy Root,힘의뿌리
Energy Search,에너지 전송
Energy Search Pro,
Energy Spinner,에너지 스피너
Energy Stadium,
Energy Sticker,에너지 스티커
Energy Swatter,에너지탁치기
Energy Switch,에너지 갈아 달기
Engineer's Adjustments,
Enhanced Hammer,개조해머
Eri,비파
Erika,민화
Erika’s Hospitality,민화의 대접
Erika's Invitation,민화의 초대
Erika's Kindness,
Erika's Maids,
Erika's Perfume,
Escape Board,이스케이프 보드
Escape Rope,동굴탈출로프
Ethan's Adventure,심향의 모험
Ether,PP에이드
Evelyn,르수아르
Eviolite,진화의휘석
Evolution Incense,진화향로
Evosoda,진화사이다
EXP. ALL,
Exp. Share,학습장치
EXP.ALL,학습장치
Expedition Uniform,서바이벌세트
Expert Belt,달인의띠
Explorer's Guidance,탐험가의 선도
Faba,자우보
Faded Town,
Fairy Charm Ability,페어리참 특성
Fairy Charm Dragon,페어리참 드래곤
Fairy Charm Fighting,페어리참 격투
Fairy Charm Grass,페어리참 풀
Fairy Charm Lightning,페어리참 번개
Fairy Charm Psychic,페어리참 초
Fairy Charm UB,페어리참 UB
Fairy Drop,페어리드롭
Fairy Garden,페어리가든
Falkner,비상
Familiar Bell,닮은벨
Fan of Waves,너울의 부채
Fantina,멜리사
Farewell Bell,흔적의 큰방울
Fast Ball,스피드볼
Feather Ball,페더볼
Felicity's Drawing,
Fennel,주리
Fervor,
Festival Grounds,축제회장
Field Blower,필드블로어
Fieldworker,
Fiery Flint,
Fiery Torch,
Fighting Au Lait,파이팅오레
Fighting Cube 01,
Fighting Fury Belt,
Fighting Gong,파이팅공
Fighting Memory,파이팅메모리
Fighting Stadium,
Fire Crystal,
Fire Cube 01,
Fire Memory,파이어메모리
Fire-Resistant Gloves,내화글러브
Firebreather,불놀이꾼
First Ticket,
Fisher,낚시꾼
Fisherman,낚시꾼
Fishing Net,물고기네트
Flame Patch,플레임패치
Flannery,민지
Flint's Willpower,
Float Stone,가벼운돌
Floral Crown,
Flower Shop Lady,
Fluffy Berry,
Flyinium Z: Air Slash,비행Z 에어슬래시
Focus Band,기합의머리띠
Focus Sash,기합의띠
Fog Crystal,안개의 수정
Forest Guardian,
Forest of Giant Plants,거대식물의 숲
Forest of Vitality,활력의 숲
Forest Seal Stone,숲의 봉인석
Fossil Egg,
Fossil Excavation Kit,
Fossil Excavation Map,
Fossil Excavator,
Fossil Quarry,화석 채굴장
Fossil Researcher,
Fresh Water Set,맛있는물세트
Friend Ball,프랜드볼
Friends in Galar,가라르의 동료들
Friends in Hisui,히스이의 동료들
Friends in Paldea,팔데아의 동료들
Friends in Sinnoh,신오의 동료들
Frozen City,
Fuchsia City Gym,
Full Face Guard,풀 페이스 가드
Full Flame,
Full Heal,만병통치제
Full Metal Lab,풀메탈 랩
Furisode Girl,기모노드레스
Future Booster Energy Capsule,부스트에너지 미래
G Booster,
G Scope,
Galactic HQ,갤럭시단아지트
Galar Mine,가라르광산
Galarian Chestplate,가라르 가슴보호대
Gallade Spirit Link,엘레이드 소울링크
Gambler,갬블러
Gapejaw Bog,큰입 늪
Garchomp Spirit Link,한카리아스 소울링크
Gardenia,유채
Gardenia's Vigor,유채의 활기
Gardevoir Spirit Link,가디안 소울링크
Geeta,테사
Gengar Spirit Link,팬텀 소울링크
Ghetsis,게치스
Giacomo,피나
Giant Bomb,
Giant Cape,커다란망토
Giant Hearth,
Giant Stump,
Giovanni,비주기
Giovanni's Charisma,비주기의 카리스마
Giovanni’s Exile,비주기의 추방
Giovanni's Last Resort,
Giovanni's Scheme,
Glacia's Stadium,
Gladion,글라디오
Gladion's Final Battle,글라디오의 결전
Glalie Spirit Link,얼음귀신 소울링크
Glass Trumpet,유리나팔
Glimwood Tangle,루미너스메이즈숲
Gloria,우리
Gold Berry,황금열매
Gold Potion,골드포션
Good Manners,
Good Rod,좋은낚싯대
Goop Gas Attack,
Gordie,마쿠와
Grabber,
Grand Tree,위대한 거목
Granite Cave,바위 동굴
Grant,자크로
Grass Cube 01,
Grass Memory,그래스메모리
Gravity Gemstone,중력구슬
Gravity Mountain,그래비티 마운틴
Great Ball,수퍼볼
Great Catcher,그레이트 캐처
Great Haul Net,월척네트
Great Potion,
Greedy Dice,
Green’s Exploration,
Grimsley,블래리
Grimsley's Move,블래리의 한 수
Groudon Spirit Link,그란돈 소울링크
Grusha,그루샤
Gust of Wind,
Gutsy Pickaxe,근성의 곡괭이
Guzma,구즈마
Guzma & Hala,구즈마&할라
Gwynn,무쿠
Gyarados Spirit Link,갸라도스 소울링크
Gym Badge,배지
Gym Trainer,체육관 트레이너
Haban Berry,하반열매
Hala,할라
Hand Scope,핸드스코프
Hand Trimmer,핸드 트리머
Handheld Fan,핸디 서큘레이터
Hapu,하푸우
Hard Charm,
Harlequin,어릿광대
Hassel,팔자크
Hau,하우
Head Ringer Team Flare Hyper Gear,
Heal Powder,만능가루
Healing Berry,
Healing Field,
Healing Scarf,
Heat Factory ◇,
Heavy Ball,헤비볼
Heavy Baton,헤비 배턴
Heavy Boots,
Heavy Helmet,헤비멧
Helix Fossil,조개화석
Helix Fossil Omanyte,조개화석 암나이트
Here Comes Team Rocket!,로켓단 등장!
Hero's Cape,히어로 망토
Hero's Medal,영웅의 메달
Hex Maniac,오컬트마니아
High Pressure System,
Hiker,등산가
Hilda,투희
Hisuian Heavy Ball,헤비볼
Hitting Hammer,히트해머
Hole-Digging Shovel,구멍뚫기삽
Holon Adventurer,
Holon Circle,
Holon Farmer,
Holon Fossil,
Holon Lake,
Holon Lass,
Holon Legacy,
Holon Mentor,
Holon Research Tower,
Holon Researcher,
Holon Ruins,
Holon Scientist,
Holon Transceiver,
Honey,달콤한꿀
Hooligans Jim & Cas,
Hop,호브
Hop's Bag,호브의 가방
Hop's Choice Band,호브의 구애머리띠
Houndoom Spirit Link,헬가 소울링크
Hugh,휴이
Hunting Gloves,헌터글러브
Hustle Belt,
Hyper Aroma,하이퍼 아로마
Hyper Devolution Spray,
Hyper Potion,고급상처약
Hypnotoxic Laser,
Ilima,일리마
Imakuni?,
Imposter Oak's Revenge,
Imposter Professor Oak,가짜 오박사
Impostor Professor Oak,가짜 오박사
Impostor Professor Oak's Invention,
Indigo Plateau,석영고원
Inflatable Boat,워터 보트
Ingo & Emmet,
Interviewer's Questions,
Iono,모야모
Irida,주혜
Iris,아이리스
Iris's Fighting Spirit,아이리스의 투지
Iron Defender,아이언 디펜드업
Iscan,억새
Island Cave,작은 섬 옆굴
Island Challenge Amulet,섬 순례 증표
Island Hermit,
Item Finder,다우징머신
Jacinthe,유카리
Jacq,지니어
Jamming Net Team Flare Hyper Gear,
Jamming Tower,재밍타워
Janine,도희
Janine's Secret Art,도희의 비기
Jasmine,규리
Jasmine's Gaze,규리의 눈빛
Jaw Fossil,턱화석
Jessie & James,
Jett,제트
Jubilife Village,축복마을
Judge,
Judge Whistle,저지맨휘슬
Juggler,저글러
Jumbo Ice Cream,점보아이스
Junk Arm,
Justified Gloves,정의글러브
Kabu,순무
Kahili,카일리
Kamado,전목
Karate Belt,
Karen,카렌
Karen's Conviction,카렌의 신념
Katy,단풍
Kiawe,키아웨
Kieran,카지
Kindler,캠프파이어
Klara,도정
Kofu,곤포
Koga,독수
Koga's Ninja Trick,
Koga’s Trap,
Korrina,코르니
Korrina's Focus,코르니의 기합
Kyogre Spirit Link,가이오가 소울링크
Lacey,타로
Lady,아기씨
Lady Outing,
Lake Acuity,예지호수
Lake Boundary,
Lana,수련
Lana's Aid,수련의 돌봄
Lana’s Fishing Rod,수련의 낚싯대
Lance,목호
Lance ◇,
Lanette's Net Search,
Larry,청목
Larry's Skill,청목의 수완
Lass,짧은 치마
Lass's Special,
Last Chance Potion,
Latios Spirit Link,라티오스 소울링크
Lavender Town,보라타운
Leaf,리프
Leaf Cape,리프망토
Leafy Camo Poncho,잎새숨기 판초
League Staff,리그 스태프
Leftovers,먹다남은음식
Legend Box,
Leon,단델
Letter of Encouragement,격려의편지
Level Ball,레벨볼
Level Max,
Levincia,누룩스시티
Life Dew,생명의물방울
Life Forest ◇,
Life Herb,
Light Ball,전기구슬
Lightning Cube 01,
Lillie,릴리에
Lillie's Determination,릴리에의 결심
Lillie’s Full Force,
Lillie's Pearl,릴리에의 진주
Lillie’s Poké Doll,릴리에의 삐삐인형
Lisia,루티아
Lisia's Appeal,루티아의 어필
Lively Stadium,익사이팅 스타디움
Looker,핸섬
Looker Whistle,핸섬휘슬
Looker's Investigation,
Lost Blender,
Lost City,로스트시티
Lost Remover,
Lost Vacuum,로스트스위퍼
Lost World,
Love Ball,러브러브볼
Low Pressure System,
Lt. Surge,마티스
Lt. Surge's Bargain,마티스의 거래
Lt. Surge's Secret Plan,
Lt. Surge’s Strategy,
Lt. Surge's Treaty,
Lucario Spirit Link,루카리오 소울링크
Lucian,오엽
Lucian's Assignment,
Lucky Egg,행복의알
Lucky Helmet,럭키멧
Lucky Ice Pop,뽑기 아이스
Lucky Mittens,럭키미튼
Lucky Stadium,
Lum Berry,리샘열매
Lumiose City,미르시티
Lumiose Galette,미르갈레트
Lure Ball,루어볼
Lure Module,루어모듈
Lusamine,루자미네
Lusamine ◇,
Luxurious Cape,럭셔리망토
Luxury Ball,럭셔리볼
Lyra,
Lysandre,플라드리
Lysandre ◇,
Lysandre Labs,플라드리 래버러토리
Lysandre's Trump Card,플라드리 최후의 수단
Magma Basin,마그마의 용소
Magma Pointer,마그마포인터
Magnetic Storm,
Magnifier,
Mail from Bill,
Maintenance,메인터넌스
Mallow,마오
Mallow & Lana,마오&수련
Manectric Spirit Link,썬더볼트 소울링크
Marley's Request,
Marlon,시즈
Marnie,마리
Marnie's Pride,마리의 프라이드
Mars,마스
Martial Arts Dojo,
Mary,
Mary's Impulse,
Mary's Request,
Master Ball,마스터볼
Mawile Spirit Link,입치트 소울링크
Max Elixir,PP맥스
Max Potion,풀회복약
Max Revive,기력의덩어리
Max Rod,낚싯대MAX
Maxie,마적
Maxie's Hidden Ball Trick,마적의 히든볼트릭
Maximum Belt,맥시멈 벨트
May,
Meddling Memo,방해 레터
Mega Catcher,
Mega Signal,메가시그널
Mega Turbo,
Megaton Blower,메가톤 블로어
Mela,멜로코
Melony,멜론
Memory Berry,
Memory Capsule,메모리캡슐
Memory Light,메모리 라이트
Mesagoza,테이블시티
Metal Core Barrier,메탈코어 배리어
Metal Cube 01,
Metal Frying Pan,강철 프라이팬
Metal Goggles,메탈고글
Metal Saucer,메탈소서
Meteor Falls,유성의 폭포
Mewtwo Spirit Link,뮤츠 소울링크
Miasma Valley,
Milo,아킬
Mina,말리화
Minion of Team Rocket,
Miracle Berry,기적의열매
Miracle Headset,미라클인터컴
Miracle Sphere α,
Miracle Sphere β,
Miracle Sphere γ,
Mirage Gate,미라주게이트
Mirage Stadium,
Miriam,미모사
Miss Fortune Sisters,야적 세 자매
Missing Clover,미싱클로버
Misty,이슬
Misty & Lorelei,이슬&칸나
Misty’s Cerulean City Gym,
Misty's Determination,이슬의 의욕
Misty’s Determination,이슬의 의욕
Misty's Duel,
Misty’s Favor,
Misty's Tears,
Misty's Vitality,이슬의 기력
Misty’s Water Command,
Misty's Wish,
Misty's Wrath,
Mixed Herbs,
Molayne,멀레인
Mom's Kindness,
Moo-Moo Milk,튼튼밀크
Moomoo Cheese,튼튼치즈
Moomoo Milk,튼튼밀크
Moon & Sun Badge,달과 태양의 배지
Moonlight Stadium,
Moonlit Hill,달이 빛나는 언덕
Morgan,르마탱
Morty,유빈
Morty's Conviction,유빈의 확신
Mount Lanakila,라나키라마운틴
Mountain Ring,
Mr. Briney's Compassion,
Mr. Fuji,등나무노인
Mr. Stone's Project,
Mt. Coronet,천관산
Mt. Moon,달맞이산
Multi Switch,멀티 갈아 달기
Multi Technical Machine 01,
Muscle Band,힘의머리띠
Mysterious Fossil,
Mysterious Shard,
Mysterious Treasure,
Mystery Garden,미스터리 가든
Mystery Plate α,
Mystery Plate β,
Mystery Plate γ,
Mystery Plate δ,
Mystery Zone,수수께끼의 장소
Mythical Slab,환상의 석판
N,N(엔)
N's Castle,의 성
N's Plan,N의 방안
N's PP Up,N의 포인트업
N’s Resolve,N의 각오
Nanu,나누
Narrow Gym,
Naveen,이노
Nemona,네모
Nemona's Backpack,네모의 륙색
Nessa,야청
Nest Ball,네스트볼
Net Ball,넷트볼
Neutralization Zone,뉴트럴센터
New Pokédex,
Night Maintenance,
Night Pokémon Center,밤의 포켓몬센터
Night Stretcher,밤의 들것
Night Teleporter,
Nightly Garbage Run,
Nighttime Mine,밤의 광산
Ninja Boy,닌자놀이
Nita,라뉴이
No Removal Gym,
Normalium Z: Tackle,노말Z 몸통박치기
Norman,종길
Nugget,금구슬
Occa Berry,오카열매
Ogre's Mask,도깨비의 가면
Old Amber,비밀의호박
Old Amber Aerodactyl,비밀의호박 프테라
Old Cemetery,옛 무덤
Old PC,낡은컴퓨터
Old Rod,낡은낚싯대
Oleana,올리브
Olivia,라이치
Olympia,고지카
Opal,포플러
Oracle,
Oran Berry,오랭열매
Order Pad,끌어당기기 패드
Ordinary Rod,보통낚싯대
Ortega,오르티가
Paint Roller,
Pal Pad,친구수첩
Paldean Student,팔데아의 학생
Palmer's Contribution,
Panic Mask,패닉마스크
Paradise Resort,파라다이스 리조트
Parallel City,
Parasol Lady,파라솔아가씨
Passho Berry,꼬시개열매
Path to the Peak,정상으로 가는 눈길
Patrol Cap,패트롤캡
Payapa Berry,야파열매
Peculiar Plaza,이상한 광장
Peeking Red Card,엿보기 레드카드
Penny,모란
Peonia,니아
Peony,피오니
Perilous Jungle,위험한 밀림
Perrin,세류
Pewter City Gym,
Philippe,지프
Phoebe,회연
Phoebe's Stadium,
Picnic Basket,피크닉바구니
Picnicker,피크닉걸
Pidgeot Spirit Link,피죤투 소울링크
Piers,두송
Plasma Frigate,플라스마프리깃
Plume Fossil,깃털화석
Plumeria,플루메리
PlusPower,플러스파워
Po Town,포마을
Poison Barb,독바늘
Poké Ball,몬스터볼
Poké Blower +,
Poké Drawer +,
Poké Healer +,
Poké Kid,포켓몬놀이
Poké Maniac,포켓몬 매니아
Poké Pad,포켓패드
Poké Radar,포켓트레
Poké Vital A,
Pokédex,포켓몬 도감
PokéDex (HANDY909),
Pokédex HANDY910is,포켓몬 도감 HANDY910is
PokéGear,포켓기어
Pokégear 3.0,
Pokémon Breeder,포켓몬 브리더
Pokémon Breeder Fields,
Pokémon Breeder's Nurturing,포켓몬 브리더의 육성
Pokémon Catcher,포켓몬 캐처
Pokémon Center,포켓몬센터
Pokémon Center Lady,포켓센 아가씨
Pokémon Circulator,
Pokémon Collector,포켓몬 컬렉터
Pokémon Communication,포켓몬통신
Pokémon Contest Hall,
Pokémon Fan Club,포켓몬애호가클럽
Pokémon Flute,포켓몬피리
Pokémon League Headquarters,포켓몬리그본부
Pokémon March,
Pokémon Nurse,포켓몬간호사
Pokémon Park,
Pokémon Personality Test,
Pokémon Ranger,
Pokémon Rescue,
Pokémon Research Lab,포켓몬 연구소
Pokémon Retriever,
Pokémon Reversal,
Pokémon Tower,포켓몬타워
Pokémon Trader,
PokéNav,포켓 내비
PokéStop,포켓스톱
Poppy,뽀삐
Postwick,펄롱마을
Pot Helmet,냄비멧
Potion,상처약
Pow! Hand Extension,
Power Charge,
Power Memory,
Power Plant,발전소
Power Tablet,파워태블릿
Power Tree,
Powerglass,힘의 모래시계
Practice Studio,레슨 스튜디오
Prank Spinner,짓궂은룰렛
Precious Trolley,프레셔스캐리
Premier Ball,프레미어볼
Premium Power Pro,파워프로틴
Prime Catcher,프라임 캐처
Primordial Altar,미개척의 제단
Prism Tower,프리즘타워
Prof. Oak's Research,
Professor Birch,털보박사
Professor Birch's Observations,털보박사의 관찰
Professor Burnet,버넷박사
Professor Cozmo's Discovery,
Professor Elm,공박사
Professor Elm’s Lecture,
Professor Elm's Training Method,
Professor Juniper,주박사
Professor Kukui,쿠쿠이박사
Professor Laventon,라벤박사
Professor Oak,오박사
Professor Oak's Hint,오박사의 힌트
Professor Oak's New Theory,
Professor Oak's Research,
Professor Oak’s Setup,오박사의 세팅
Professor Oak's Visit,오박사의 방문
Professor Rowan,마박사
Professor Sada's Vitality,올림박사의 기백
Professor Sycamore,플라타느박사
Professor Turo's Scenario,투로박사의 시나리오
Professor's Letter,
Professor’s Letter,
Professor's Research,박사의 연구
Professor's Research (Professor Juniper),
Professor's Research (Professor Magnolia),
Professor's Research (Professor Oak),
Protection Cube,
Protective Goggles,안전고글
Protective Orb,
Protective Poncho,수호의 판초
Psychic Cube 01,
Psychic Memory,사이킥메모리
Psychic's Third Eye,
Punk Helmet,펑크멧
Puzzle of Time,시간의퍼즐
Quad Stone,쿼드스톤
Quick Ball,퀵볼
Quick-Grow Extract,조숙엑기스
Radio Tower,
Raifort,레포르
Raihan,금랑
Rainbow Brush,
Random Receiver,
Rapid Strike Scroll of Swirls,연격의 두루마리 소용돌이의 권
Rapid Strike Scroll of the Flying Dragon,연격의 두루마리 비룡의 권
Rapid Strike Scroll of the Skies,연격의 두루마리 하늘의 권
Rapid Strike Style Mustard,마스터드 연격의 태세
Rare Candy,이상한사탕
Rare Fossil,희귀한화석
Rayquaza Spirit Link,레쿠쟈 소울링크
Reboot Pod,리부트 포드
Recall,교체하다
Recycle,리사이클
Red,레드
Red & Blue,
Red Card,레드카드
Red’s Challenge,레드의 도전
Redeemable Ticket,대체 티켓
Relic Hunter,
Repeat Ball,리피드볼
Repel,벌레회피스프레이
Rescue Board,긴급 보드
Rescue Carrier,레스큐캐리
Rescue Scarf,레스큐 스카프
Rescue Stretcher,레스큐탱크
Research Record,
Reserved Ticket,
Reset Stamp,리셋 스탬프
Resistance Gym,
Return Label,
Reversal Trigger,
Reverse Valley,
Revitalizer,
Revive,기력의조각
Ribbon Badge,리본 배지
Rigid Band,타이트밴드
Rika,칠리
Riley,현이
Risky Ruins,위험한 폐허
Rival,라이벌
Roark,강석
Robo Substitute Team Flare Gear,
Rock Chestplate,바위 가슴보호대
Rock Guard,록가드
Rocket's Admin.,로켓단의 간부
Rocket's Hideout,
Rocket's Minefield Gym,
Rocket's Mission,
Rocket's Poké Ball,
Rocket's Secret Experiment,
Rocket's Sneak Attack,
Rocket's Tricky Gym,
Rocky Helmet,울퉁불퉁멧
Roller Skater,롤러스케이트
Roller Skates,롤러스케이트
Root Fossil,뿌리화석
Root Fossil Lileep,뿌리화석 릴링
Rosa,명희
Rosa's Encouragement,명희의 격려
Rose,로즈
Rose Tower,로즈타워빌딩
Roseanne's Backup,해당의 백업
Roseanne's Research,
Roseanne’s Research,
Roto-Stick,로토무셀카봉
Rotom Bike,로토무자전거
Rotom Dex,로토무도감
Rotom Dex—Poké Finder Mode,
Rotom Phone,스마트로토무
Rough Seas,
Roxanne,원규
Roxie,보미카
Roxie's Performance,보미카의 연주
Rubber Gloves,고무글러브
Ruffian,무서운 청년
Rugged Helmet,울퉁불퉁멧
Ruin Wall,
Ruins of Alph,알프의 유적
Rust Syndicate Grunt,녹청파의 조무래기
Rusted Shield,녹슨방패
Rusted Sword,녹슨검
Ryme,라임
Sabrina,초련
Sabrina & Brycen,초련&담죽
Sabrina's ESP,
Sabrina's Gaze,
Sabrina's Psychic Control,
Sabrina’s Suggestion,
Sacred Ash,성스러운분말
Sacred Charm,성스러운 부적
Saffron City Gym,
Sage's Training,
Saguaro,사구아로
Sail Fossil,지느러미화석
Salamence Spirit Link,보만다 소울링크
Salvatore,세이지
Samson Oak,송호 오
Sceptile Spirit Link,
Schoolboy,스쿨보이
Schoolgirl,스쿨걸
Scizor Spirit Link,핫삼 소울링크
Scoop Up,회수
Scoop Up Cyclone,포켓몬 회수 사이클론
Scoop Up Net,회수네트
Scorched Earth,
Scott,금작화
Scramble Switch,스크램블 스위치
Sea of Nothingness,텅빈 바다
Secret Box,시크릿박스
Secret Mission,
Seeker,
Seer,
Serena,세레나
Shadow Circle,
Shadow Triad,다크 트리니티
Sharpedo Spirit Link,샤크니아 소울링크
Shauna,사나
Shauntal,망초
Shopping Center,
Shrine of Memories,
Shrine of Punishment,
Sidney,혁진
Sidney's Stadium,
Siebold,즈미
Sightseer,관광객
Silent Lab,
Silver,실버
Silver Bangle,실버뱅글
Silver Mirror,
Single Strike Scroll of Piercing,일격의 두루마리 관통의 권
Single Strike Scroll of Scorn,일격의 두루마리 분노의 권
Single Strike Scroll of the Fanged Dragon,일격의 두루마리 아룡의 권
Single Strike Style Mustard,마스터드 일격의 태세
Sitrus Berry,자뭉열매
Skaters' Park,스케이터스 파크
Skull Fossil,두개의화석
Sky Field,스카이필드
Sky Pillar,하늘기둥
Sky Seal Stone,하늘의 봉인석
Skyarrow Bridge,스카이애로 브리지
Skyla,풍란
Sleep!,
Slowbro Spirit Link,야도란 소울링크
Slumbering Forest,
Snorlax Doll,인형
Snow Leaf Badge,스노리프 배지
Snowpoint Temple,선단신전
Solid Rage,
Sonia,소니아
Sophocles,마마네
Sordward & Shielbert,소도와 실디
Space Center,이끼 우주센터
Spark,스파크
Sparkling Crystal,반짝이는 결정
Sparkling Robe,
Special Charge,
Special Red Card,스페셜 레드카드
Speed Stadium,스피드 스타디움
Spell Tag,저주의부적
Spicy Seasoned Curry,매운맛 스파이시 카레
Spikemuth,스파이크마을
Spikemuth Gym,스파이크마을
Spirit Mask,영계의 가면
Spongy Gloves,스펀지글러브
Sprout Tower,모다피의 탑
Squirt Bottle,꼬부기물뿌리개
Stadium Nav,
Star Piece,별의조각
Stark Mountain,하드마운틴
Starting Plains,시작의 평원
Startling Megaphone,
Stealthy Hood,
Steel Apron,강철 앞치마
Steel Shelter,
Steelix Spirit Link,강철톤 소울링크
Steven,나성호
Steven's Advice,
Steven’s Resolve,
Stormy Mountains,폭풍산맥
Strange Cave,
Strange Timepiece,괴상한 시계
Strength Charm,
Struggle Gloves,역경글러브
Sunyshore City Gym,
Super Energy Removal,
Super Energy Removal 2,
Super Energy Retrieval,
Super Potion,좋은상처약
Super Rod,대단한낚싯대
Super Scoop Up,슈퍼 포켓몬 회수
Supereffective Glasses,굉장한 글라스
Superior Energy Retrieval,수퍼 에너지 회수
Surfer,서퍼
Surfing Beach,파도타기 비치
Surprise Box,
Surprise! Time Machine,
Survival Brace,서바이브 깁스
Suspicious Food Tin,알쏭달쏭 통조림
Sweet Honey,달콤한꿀
Switch,포켓몬 교체
Switch Cart,교체카트
Switch Raft,
Switching Cups,바꿔치기컵
Swoop! Teleporter,
Tag Call,태그콜
Tag Switch,태그 스위치
Target Whistle Team Flare Gear,
Tarragon,타라곤
Tate & Liza,풍&란
Team Aqua Admin,아쿠아단간부
Team Aqua Ball,
Team Aqua Belt,
Team Aqua Conspirator,
Team Aqua Grunt,아쿠아단 조무래기
Team Aqua Hideout,아쿠아단아지트
Team Aqua Schemer,
Team Aqua Technical Machine 01,
Team Aqua's Great Ball,아쿠아단의 슈퍼볼
Team Aqua's Secret Base,아쿠아단의 비밀기지
Team Flare Grunt,플레어단 조무래기
Team Galactic Grunt,갤럭시단 조무래기
Team Galactic's Invention G-101 Energy Gain,
Team Galactic's Invention G-103 Power Spray,
Team Galactic's Invention G-105 Poké Turn,
Team Galactic's Invention G-107 Technical Machine G,
Team Galactic's Invention G-109 SP Radar,
Team Galactic's Mars,갤럭시단의 마스
Team Galactic's Wager,갤럭시단의 내기
Team Magma Admin,마그마단의 간부
Team Magma Ball,
Team Magma Belt,
Team Magma Conspirator,
Team Magma Grunt,마그마단 조무래기
Team Magma Hideout,마그마단아지트
Team Magma Schemer,
Team Magma Technical Machine 01,
Team Magma's Great Ball,마그마단의 수퍼볼
Team Magma's Secret Base,마그마단의 비밀기지
Team Plasma Badge,
Team Plasma Ball,플라스마단의 몬스터볼
Team Plasma Grunt,플라스마단 조무래기
Team Rocket Grunt,로켓단 조무래기
Team Rocket's Archer,로켓단의 아폴로
Team Rocket's Ariana,로켓단의 아테나
Team Rocket's Bother-Bot,로켓단의 방해로봇
Team Rocket's Evil Deeds,
Team Rocket's Factory,로켓단의 팩토리
Team Rocket's Giovanni,로켓단의 비주기
Team Rocket's Great Ball,로켓단의 슈퍼볼
Team Rocket's Handiwork,로켓단의 공작
Team Rocket's Hypnotizer,로켓단의 최면장치
Team Rocket's Petrel,로켓단의 람다
Team Rocket's Proton,로켓단의 랜스
Team Rocket's Transceiver,로켓단의 리시버
Team Rocket's Trickery,
Team Rocket's Venture Bomb,로켓단의 깜짝봄
Team Rocket's Watchtower,로켓단의 감시탑
Team Skull Grunt,스컬단조무래기
Team Star Grunt,스타단의 조무래기
Team Yell Grunt,옐단 조무래기
Team Yell Towel,옐단의 응원타올
Team Yell's Cheer,옐단의 응원
Teammates,선배&후배
Technical Machine TS-1,
Technical Machine TS-2,
Technical Machine: Blindside,기술머신 암습
Technical Machine: Crisis Punch,기술머신 위기극복한방
Technical Machine: Devolution,기술머신 데볼루션
Technical Machine: Evolution,기술머신 에볼루션
Technical Machine: Fluorite,기술머신 플루어라이트
Technical Machine: Turbo Energize,기술머신 에너지터보
Techno Radar,테크노레이더
Telescopic Sight,망원스코프
Temple of Sinnoh,신오신전
Tera Orb,테라스탈오브
The Boss's Way,
The Masked Royal,쿠쿠이박사
The Rocket's Training Gym,
The Rocket's Trap,
Thick Scale,두꺼운비늘
Thorton,수철
Thought Wave Machine (Rocket's Secret Machine),
Thunder Mountain ◇,
Tickling Machine,
Tierno,티에르노
Time Capsule,타임캡슐
Time Shard,
Time-Space Distortion,
Timer Ball,타이마볼
TM Machine,기술머신머신
Tool Box,툴박스
Tool Jammer,툴재머
Tool Retriever,
Tool Scrapper,툴스크래퍼
Tormenting Spray,트집 스프레이
Tower of Darkness,악의 탑
Tower of Waters,물의 탑
Town Map,타운맵
Town Store,마을백화점
Town Volunteers,
Toy Catcher,토이캐처
Trainers' Mail,
Trainers’ Mail,
Training Area,트레이닝 에리어
Training Center,
Training Court,트레이닝 코트
Transformation Tome,변화의 서
Transparent Walls,
Trash Exchange,
Traveling Merchant,
Traveling Salesman,
Treasure Tracker,트레져 가젯
Trekking Shoes,트레킹슈즈
Tremendous Bomb,호쾌봄
Trevor,트로바
Trick Coin,
Trick Shovel,
Tropical Beach,
Tropical Tidal Wave,
Tropical Wind,
Tulip,리파
Turbo Patch,터보패치
Turffield Stadium,터프스타디움
TV Reporter,
Twins,쌍둥이
Twist Mountain,태엽산
Tyme,타임
Tyranitar Spirit Link,마기라스 소울링크
U-Turn Board,U턴 보드
Ultimate Zone,
Ultra Ball,하이퍼볼
Ultra Forest Kartenvoy,울트라포레스트 종이 전문가
Ultra Recon Squad,울트라조사대
Ultra Space,울트라스페이스
Underground Expedition,
Underground Lake,유사의 땅
Undersea Ruins,해저유적
Unfair Stamp,언페어 스탬프
Unidentified Fossil,수수께끼화석
Urbain,가이
Urn of Vitality,활력의 항아리
Vengeful Punch,리벤지펀치
Venture Bomb,
Venusaur Spirit Link,이상해꽃 소울링크
Vermilion City Gym,
Victory Cup,
Victory Piece,빅토리피스
Virbank City Gym,모란만시티 체육관
Viridian City Gym,
Viridian Forest,상록숲
Vitality Band,기력의머리띠
Volkner,전진
Volkner's Philosophy,
Volo,월로
VS Seeker,배틀서처
Wait and See Hammer,시간벌기해머
Wait and See Turbo,시간벌기터보
Waitress,웨이트리스
Wallace,윤진
Wally,민진
Wally's Compassion,민진의 헤아림
Wally's Training,
Warp Point,워프포인트
Water Cube 01,
Water Memory,워터메모리
Weakness Guard,
Weakness Policy,약점보험
Weeding Gloves,제초글러브
Wela Volcano Park,벨라화산공원
Welcoming Lantern,마중초롱
Welder,용접공
Whitney,꼭두
Wicke,비케
Wide Lens,광각렌즈
Will,일목
Windstorm,
Windup Arm,기계장치암
Winona,은송
Wishful Baton,소원의 바통
Wondrous Labyrinth ◇,
Wondrous Patch,원더패치
Worker,작업원
Wyndon Stadium,슛스타디움
X Speed,스피드업
Xerosic,크세로시키
Xerosic's Machinations,크세로시키의 속셈
Xtransceiver,라이브캐스터
Yell Horn,응원Y나팔
Youngster,반바지 꼬마
Zinnia,피아나
Zinnia's Resolve,피아나의 결의
Zisu,페릴라
Aqua Energy,아쿠아 에너지
Aromatic Grass Energy,아로마 풀 에너지
Aurora Energy,오로라 에너지
Basic Darkness Energy,기본 악 에너지
Basic Fighting Energy,기본 격투 에너지
Basic Fire Energy,기본 불꽃 에너지
Basic Grass Energy,기본 풀 에너지
Basic Lightning Energy,기본 번개 에너지
Basic Metal Energy,기본 강철 에너지
Basic Psychic Energy,기본 초 에너지
Basic Water Energy,기본 물 에너지
Beast Energy ◇,비스트에너지 ◇
Blend Energy Grass Fire Psychic Darkness,블렌드 에너지 풀 불꽃 초 악
Blend Energy Water Lightning Fighting Metal,블렌드 에너지 물 번개 격투 강철
Boomerang Energy,부메랑 에너지
Boost Energy,부스트 에너지
Bounce Energy,바운스 에너지
Bubbly Water Energy,버블 물 에너지
Burning Energy,버닝 불꽃 에너지
Call Energy,콜 에너지
Capture Energy,캡쳐 에너지
Coating Metal Energy,코팅 강철 에너지
Counter Energy,카운터 에너지
Crystal Energy,크리스탈 에너지
Cyclone Energy,사이클론 에너지
Dangerous Energy,덴저러스 악 에너지
Dark Metal Energy,다크 강철 에너지
Darkness Energy,악 에너지
Double Aqua Energy,더블 아쿠아 에너지
Double Colorless Energy,더블 무색 에너지
Double Dragon Energy,더블 드래곤 에너지
Double Magma Energy,더블 마그마 에너지
Double Rainbow Energy,더블 레인보우 에너지
Double Turbo Energy,더블 터보 에너지
Draw Energy,드로 에너지
Enriching Energy,리치 에너지
Fairy Energy,기본 페어리 에너지
Fighting Energy,격투 에너지
Fire Energy,불꽃 에너지
Flash Energy,플래시 에너지
Full Heal Energy,만병통치약 에너지
Fusion Strike Energy,퓨전 에너지
Gift Energy,기프트 에너지
Grass Energy,풀 에너지
Growing Grass Energy,성장의 풀 에너지
Heal Energy,힐 에너지
Health Energy,헬스 에너지
Heat Fire Energy,히트 불꽃 에너지
Herbal Energy,허브 에너지
Hiding Darkness Energy,하이드 악 에너지
Holon Energy FF,홀론 에너지 FF
Holon Energy GL,홀론 에너지 GL
Holon Energy WP,홀론 에너지 WP
Horror Psychic Energy,호러 초 에너지
Ignition Energy,이그니션 에너지
Impact Energy,임팩트 에너지
Jet Energy,제트 에너지
Legacy Energy,레거시 에너지
Lightning Energy,번개 에너지
Lucky Energy,럭키 에너지
Luminous Energy,루미너스 에너지
Magma Energy,마그마 에너지
Magnetic Metal Energy,마그네틱 강철 에너지
Medical Energy,메디컬 에너지
Memory Energy,메모리 에너지
Metal Energy,강철 에너지
Miracle Energy,미라클 에너지
Mist Energy,미스트 에너지
Multi Energy,멀티 에너지
Mystery Energy,미스터리 에너지
Neo Upper Energy,네오 어퍼 에너지
Nitro Fire Energy,니트로 불꽃 에너지
Plasma Energy,플라즈마 에너지
Potion Energy,상처약 에너지
Powerful Colorless Energy,파워풀 무색 에너지
Prism Energy,프리즘 에너지
Psychic Energy,초 에너지
R Energy,R 에너지
Rainbow Energy,레인보우 에너지
Rapid Strike Energy,연격 에너지
React Energy,리액트 에너지
Recover Energy,리커버 에너지
Recycle Energy,리사이클 에너지
Regenerative Energy,리게인 에너지
Rescue Energy,레스큐 에너지
Retro Energy,레트로 에너지
Reversal Energy,리버설 에너지
Rocky Fighting Energy,록 격투 에너지
Scramble Energy,스크램블 에너지
Shadowy Darkness Energy,섀도 악 에너지
Shield Energy,실드 에너지
Single Strike Energy,일격 에너지
SP Energy,SP 에너지
Speed Lightning Energy,스피드 번개 에너지
Spiky Energy,스파이크 에너지
Spiral Energy,스파이럴 에너지
Splash Energy,스플래시 에너지
Stone Fighting Energy,스톤 격투 에너지
Strong Energy,스트롱 에너지
Super Boost Energy ◇,초 부스트 에너지 ◇
Team Rocket's Energy,로켓단의 에너지
Telepathic Psychic Energy,텔레패스 초 에너지
Therapeutic Energy,테라피 에너지
Treasure Energy,트레져 에너지
Triple Acceleration Energy,트리플 가속 에너지
Twin Energy,트윈 에너지
Unit Energy FightingDarknessFairy,유닛 에너지 격투 악 페어리
Unit Energy GrassFireWater,유닛 에너지 풀 불꽃 물
Unit Energy LightningPsychicMetal,유닛 에너지 번개 초 강철
Upper Energy,어퍼 에너지
V Guard Energy,V가드 에너지
Voltaic Lightning Energy,볼트 번개 에너지
Warp Energy,워프 에너지
Wash Water Energy,워시 물 에너지
Water Energy,물 에너지
Weakness Guard Energy,위크가드 에너지
Wonder Energy,원더 에너지
δ Rainbow Energy,델타 레인보우 에너지
